#
# There is insufficient memory for the Java Runtime Environment to continue.
# Native memory allocation (malloc) failed to allocate 1340816 bytes. Error detail: Chunk::new
# Possible reasons:
#   The system is out of physical RAM or swap space
#   This process is running with CompressedOops enabled, and the Java Heap may be blocking the growth of the native heap
# Possible solutions:
#   Reduce memory load on the system
#   Increase physical memory or swap space
#   Check if swap backing store is full
#   Decrease Java heap size (-Xmx/-Xms)
#   Decrease number of Java threads
#   Decrease Java thread stack sizes (-Xss)
#   Set larger code cache with -XX:ReservedCodeCacheSize=
#   JVM is running with Unscaled Compressed Oops mode in which the Java heap is
#     placed in the first 4GB address space. The Java Heap base address is the
#     maximum limit for the native heap growth. Please use -XX:HeapBaseMinAddress
#     to set the Java Heap base and to place the Java Heap above 4GB virtual address.
# This output file may be truncated or incomplete.
#
#  Out of Memory Error (arena.cpp:168), pid=3532, tid=6680
#
# JRE version: OpenJDK Runtime Environment Temurin-21.0.12.1+1 (21.0.12.1+1) (build 21.0.12.1+1-LTS)
# Java VM: OpenJDK 64-Bit Server VM Temurin-21.0.12.1+1 (21.0.12.1+1-LTS, mixed mode, sharing, tiered, compressed oops, compressed class ptrs, parallel gc, windows-amd64)
# No core dump will be written. Minidumps are not enabled by default on client versions of Windows
#

---------------  S U M M A R Y ------------

Command Line: --add-modules=ALL-SYSTEM --add-opens=java.base/java.util=ALL-UNNAMED --add-opens=java.base/java.lang=ALL-UNNAMED --add-opens=java.base/sun.nio.fs=ALL-UNNAMED -Declipse.application=org.eclipse.jdt.ls.core.id1 -Dosgi.bundles.defaultStartLevel=4 -Declipse.product=org.eclipse.jdt.ls.core.product -Djava.import.generatesMetadataFilesAtProjectRoot=false -Dm2e.project.cache.size=50 -DDetectVMInstallationsJob.disabled=true -Dfile.encoding=utf8 -XX:+UseParallelGC -XX:GCTimeRatio=4 -XX:AdaptiveSizePolicyWeight=90 -Dsun.zip.disableMemoryMapping=true -Xmx2G -Xms100m -Xlog:disable -javaagent:c:\Users\Home\.vscode\extensions\redhat.java-1.56.0-win32-x64\lombok\lombok-1.18.39-4050.jar -XX:+HeapDumpOnOutOfMemoryError -XX:HeapDumpPath=c:\Users\Home\AppData\Roaming\Code\User\workspaceStorage\a0caffbcab71e42ac1a9845af6c16b79\redhat.java -Daether.dependencyCollector.impl=bf c:\Users\Home\.vscode\extensions\redhat.java-1.56.0-win32-x64\server\plugins\org.eclipse.equinox.launcher_1.8.0.v20260804-1928.jar -configuration c:\Users\Home\AppData\Roaming\Code\User\globalStorage\redhat.java\1.56.0\config_win -data c:\Users\Home\AppData\Roaming\Code\User\workspaceStorage\a0caffbcab71e42ac1a9845af6c16b79\redhat.java\jdt_ws --stdio

Host: Intel(R) Core(TM) i5-7400 CPU @ 3.00GHz, 4 cores, 7G,  Windows 10 , 64 bit Build 19041 (10.0.19041.5915)
Time: Fri Sep 11 22:12:46 2026 Hora est. Pacífico, Sudamérica elapsed time: 245.442089 seconds (0d 0h 4m 5s)

---------------  T H R E A D  ---------------

Current thread (0x0000017f66d254a0):  JavaThread "C2 CompilerThread0" daemon [_thread_in_native, id=6680, stack(0x0000005140900000,0x0000005140a00000) (1024K)]


Current CompileTask:
C2:245442 14639       4       org.gradle.launcher.daemon.context.DefaultDaemonContext$Serializer::write (255 bytes)

Stack: [0x0000005140900000,0x0000005140a00000]
Native frames: (J=compiled Java code, j=interpreted, Vv=VM code, C=native code)
V  [jvm.dll+0x6d83e9]
V  [jvm.dll+0x8b5736]
V  [jvm.dll+0x8b7cee]
V  [jvm.dll+0x8b83d3]
V  [jvm.dll+0x284596]
V  [jvm.dll+0xc685d]
V  [jvm.dll+0xc6da1]
V  [jvm.dll+0x3bf151]
V  [jvm.dll+0x38b6d2]
V  [jvm.dll+0x38ab1a]
V  [jvm.dll+0x24c700]
V  [jvm.dll+0x24bce0]
V  [jvm.dll+0x1cb4ae]
V  [jvm.dll+0x25baad]
V  [jvm.dll+0x25a03a]
V  [jvm.dll+0x3f8aae]
V  [jvm.dll+0x8600cd]
V  [jvm.dll+0x6d6c1d]
C  [ucrtbase.dll+0x21bb2]
C  [KERNEL32.DLL+0x17374]
C  [ntdll.dll+0x4cc91]


---------------  P R O C E S S  ---------------

Threads class SMR info:
_java_thread_list=0x0000017f47c6c480, length=448, elements={
0x0000017f66e315c0, 0x0000017f66d19df0, 0x0000017f66d1b660, 0x0000017f66d1ef80,
0x0000017f66d21db0, 0x0000017f66d23c00, 0x0000017f66d24660, 0x0000017f66d254a0,
0x0000017f66d96510, 0x0000017f7e515e60, 0x0000017f7e633bd0, 0x0000017f7e8cfb40,
0x0000017f7e8ca810, 0x0000017f7ed0cf60, 0x0000017f7ed11c50, 0x0000017f452b6cd0,
0x0000017f7ede5bf0, 0x0000017f7e4d4f00, 0x0000017f7ed93890, 0x0000017f7ed93f20,
0x0000017f7ed92b70, 0x0000017f7ed93200, 0x0000017f46e2f080, 0x0000017f46e2e9f0,
0x0000017f46e2e360, 0x0000017f46e2d640, 0x0000017f46e2cfb0, 0x0000017f46e2bc00,
0x0000017f46e2dcd0, 0x0000017f46e2f710, 0x0000017f46e2aee0, 0x0000017f46e2fda0,
0x0000017f46e31150, 0x0000017f46e30ac0, 0x0000017f46e2c920, 0x0000017f46e2a1c0,
0x0000017f46e2a850, 0x0000017f46e2c290, 0x0000017f46e2b570, 0x0000017f45ce5a90,
0x0000017f45ce46e0, 0x0000017f45ce6e40, 0x0000017f45ce74d0, 0x0000017f45ce4050,
0x0000017f45ce6120, 0x0000017f45ce8f10, 0x0000017f45ce7b60, 0x0000017f45ceafe0,
0x0000017f45ce67b0, 0x0000017f45ce4d70, 0x0000017f45ce8880, 0x0000017f45ce81f0,
0x0000017f45cea950, 0x0000017f45ce9c30, 0x0000017f45ce5400, 0x0000017f45ceb670,
0x0000017f45cea2c0, 0x0000017f48318ba0, 0x0000017f4831ac70, 0x0000017f48318510,
0x0000017f4831b990, 0x0000017f483198c0, 0x0000017f483177f0, 0x0000017f48319230,
0x0000017f4831cd40, 0x0000017f48315db0, 0x0000017f4831d3d0, 0x0000017f48316440,
0x0000017f48316ad0, 0x0000017f48317e80, 0x0000017f45ce95a0, 0x0000017f46e30430,
0x0000017f48319f50, 0x0000017f4831b300, 0x0000017f4831a5e0, 0x0000017f46a7f380,
0x0000017f46a7fa10, 0x0000017f46a800a0, 0x0000017f46a7b1e0, 0x0000017f46a79e30,
0x0000017f46a7ab50, 0x0000017f46a7b870, 0x0000017f46a79110, 0x0000017f46a80730,
0x0000017f46a7bf00, 0x0000017f46a7dfd0, 0x0000017f46a7c590, 0x0000017f46a797a0,
0x0000017f46a7a4c0, 0x0000017f46a7e660, 0x0000017f46a7ecf0, 0x0000017f46a7d2b0,
0x0000017f46a7d940, 0x0000017f45ec4520, 0x0000017f45ec93e0, 0x0000017f45ec6c80,
0x0000017f45ec8d50, 0x0000017f45ec86c0, 0x0000017f45ec7310, 0x0000017f45ec79a0,
0x0000017f45ec3170, 0x0000017f45ec2450, 0x0000017f45ec58d0, 0x0000017f45ec5f60,
0x0000017f45ec8030, 0x0000017f45ec5240, 0x0000017f45ec3e90, 0x0000017f45ec9a70,
0x0000017f45ec3800, 0x0000017f45ec4bb0, 0x0000017f45ec65f0, 0x0000017f46a7cc20,
0x0000017f4819e4c0, 0x0000017f4819ca80, 0x0000017f4819d110, 0x0000017f4819d7a0,
0x0000017f4819de30, 0x0000017f4819b040, 0x0000017f4819b6d0, 0x0000017f45ec2ae0,
0x0000017f46ef3fc0, 0x0000017f46ef32a0, 0x0000017f46ef4650, 0x0000017f46ef5370,
0x0000017f46ef4ce0, 0x0000017f46ef2c10, 0x0000017f46ef2580, 0x0000017f46ef3930,
0x0000017f4853adf0, 0x0000017f4853bb10, 0x0000017f4853c1a0, 0x0000017f4853e900,
0x0000017f48540340, 0x0000017f485416f0, 0x0000017f48541060, 0x0000017f485409d0,
0x0000017f4853c830, 0x0000017f4853d550, 0x0000017f4853e270, 0x0000017f48541d80,
0x0000017f4508dd50, 0x0000017f4508f100, 0x0000017f4508d030, 0x0000017f4508d6c0,
0x0000017f45090b40, 0x0000017f4853dbe0, 0x0000017f48a18c30, 0x0000017f48a16b60,
0x0000017f48a164d0, 0x0000017f48a157b0, 0x0000017f48a15e40, 0x0000017f48a192c0,
0x0000017f48a1a670, 0x0000017f48a1b390, 0x0000017f48a1cdd0, 0x0000017f48a19950,
0x0000017f48a1e810, 0x0000017f48a17f10, 0x0000017f48a208e0, 0x0000017f48a20f70,
0x0000017f48a23040, 0x0000017f48a21600, 0x0000017f48a243f0, 0x0000017f48a1f530,
0x0000017f48a22320, 0x0000017f48a21c90, 0x0000017f48a19fe0, 0x0000017f48a171f0,
0x0000017f48a1e180, 0x0000017f48a1d460, 0x0000017f48a1daf0, 0x0000017f48a1ba20,
0x0000017f48a236d0, 0x0000017f48a1c740, 0x0000017f48a1ad00, 0x0000017f48a1fbc0,
0x0000017f46f7bfc0, 0x0000017f46f77100, 0x0000017f46f7a580, 0x0000017f46f79860,
0x0000017f46f7b2a0, 0x0000017f46f79ef0, 0x0000017f46f75d50, 0x0000017f46f75030,
0x0000017f46f791d0, 0x0000017f46f7c650, 0x0000017f46f7cce0, 0x0000017f46f77790,
0x0000017f46f828c0, 0x0000017f46f76a70, 0x0000017f46f784b0, 0x0000017f46f7fad0,
0x0000017f46f7edb0, 0x0000017f46f82230, 0x0000017f46f80160, 0x0000017f46f81ba0,
0x0000017f46f7d370, 0x0000017f46f749a0, 0x0000017f46f78b40, 0x0000017f46f7e720,
0x0000017f48a229b0, 0x0000017f475832f0, 0x0000017f47581f40, 0x0000017f4757f150,
0x0000017f47582c60, 0x0000017f4757c9f0, 0x0000017f47584010, 0x0000017f4757d080,
0x0000017f475846a0, 0x0000017f4757d710, 0x0000017f4757dda0, 0x0000017f475853c0,
0x0000017f47586770, 0x0000017f47585a50, 0x0000017f47586e00, 0x0000017f475860e0,
0x0000017f47587490, 0x0000017f47589560, 0x0000017f47587b20, 0x0000017f475881b0,
0x0000017f47588ed0, 0x0000017f4758a910, 0x0000017f47589bf0, 0x0000017f4758afa0,
0x0000017f4758a280, 0x0000017f4758b630, 0x0000017f46f77e20, 0x0000017f46f763e0,
0x0000017f46f807f0, 0x0000017f46f80e80, 0x0000017f46f7f440, 0x0000017f46f7e090,
0x0000017f46f7ac10, 0x0000017f46f7b930, 0x0000017f46f835e0, 0x0000017f48a1eea0,
0x0000017f48a185a0, 0x0000017f48a24a80, 0x0000017f48a23d60, 0x0000017f4508a240,
0x0000017f4508bc80, 0x0000017f46ef5a00, 0x0000017f507ee960, 0x0000017f507eeff0,
0x0000017f507f2b00, 0x0000017f507edc40, 0x0000017f507f8050, 0x0000017f507fc1f0,
0x0000017f507f58f0, 0x0000017f507f3eb0, 0x0000017f507f9400, 0x0000017f507fa120,
0x0000017f475818b0, 0x0000017f507ef680, 0x0000017f507f0a30, 0x0000017f507efd10,
0x0000017f507f03a0, 0x0000017f507ed5b0, 0x0000017f507f5f80, 0x0000017f4757f7e0,
0x0000017f47583980, 0x0000017f47584d30, 0x0000017f475825d0, 0x0000017f507ecf20,
0x0000017f4508b5f0, 0x0000017f507f10c0, 0x0000017f45089bb0, 0x0000017f47581220,
0x0000017f4853cec0, 0x0000017f4508c9a0, 0x0000017f465aeae0, 0x0000017f465b3310,
0x0000017f465b39a0, 0x0000017f465b4d50, 0x0000017f465ba930, 0x0000017f465b53e0,
0x0000017f465b7b40, 0x0000017f465ad730, 0x0000017f465b8860, 0x0000017f465afe90,
0x0000017f465b8ef0, 0x0000017f465bafc0, 0x0000017f465bca00, 0x0000017f465bbce0,
0x0000017f4819c3f0, 0x0000017f507f3190, 0x0000017f509d7d00, 0x0000017f509dcbc0,
0x0000017f509db180, 0x0000017f509dd8e0, 0x0000017f509d8a20, 0x0000017f509de600,
0x0000017f509d7670, 0x0000017f509df9b0, 0x0000017f509e1a80, 0x0000017f509d90b0,
0x0000017f509e2110, 0x0000017f509e0040, 0x0000017f509ea450, 0x0000017f509ebe90,
0x0000017f509e8a10, 0x0000017f509eb170, 0x0000017f509e6fd0, 0x0000017f509ee5f0,
0x0000017f509eb800, 0x0000017f509ed240, 0x0000017f509eec80, 0x0000017f509ef310,
0x0000017f509eaae0, 0x0000017f509f0030, 0x0000017f509f06c0, 0x0000017f509f0d50,
0x0000017f509f41d0, 0x0000017f509f34b0, 0x0000017f4757e430, 0x0000017f47a36a40,
0x0000017f47a342e0, 0x0000017f47a1d9f0, 0x0000017f47a34970, 0x0000017f47a37760,
0x0000017f47a1d360, 0x0000017f47a1a570, 0x0000017f47a1e710, 0x0000017f47a1b290,
0x0000017f47a207e0, 0x0000017f47a1eda0, 0x0000017f47a1c640, 0x0000017f47a19850,
0x0000017f47a1bfb0, 0x0000017f47a19ee0, 0x0000017f47a21b90, 0x0000017f47a25d30,
0x0000017f47a25010, 0x0000017f47a235d0, 0x0000017f47a228b0, 0x0000017f47a22f40,
0x0000017f47a263c0, 0x0000017f47a21500, 0x0000017f47a22220, 0x0000017f47a26a50,
0x0000017f47a20e70, 0x0000017f47a29ed0, 0x0000017f47a23c60, 0x0000017f47a242f0,
0x0000017f47a24980, 0x0000017f47a2b280, 0x0000017f47a27770, 0x0000017f47a270e0,
0x0000017f47a2b910, 0x0000017f47a256a0, 0x0000017f47a2bfa0, 0x0000017f47a20150,
0x0000017f47a2ccc0, 0x0000017f47a2d350, 0x0000017f47a1fac0, 0x0000017f47a2a560,
0x0000017f47a38480, 0x0000017f47a35000, 0x0000017f47a363b0, 0x0000017f47a28b20,
0x0000017f47a2d9e0, 0x0000017f47a2e700, 0x0000017f47a27e00, 0x0000017f47a2e070,
0x0000017f47a2f420, 0x0000017f47a2fab0, 0x0000017f47a30140, 0x0000017f47a2ed90,
0x0000017f47a307d0, 0x0000017f47a30e60, 0x0000017f47a29840, 0x0000017f47a314f0,
0x0000017f47a31b80, 0x0000017f47a32f30, 0x0000017f47a328a0, 0x0000017f47a2abf0,
0x0000017f47a38b10, 0x0000017f47a370d0, 0x0000017f47a33c50, 0x0000017f47a1ccd0,
0x0000017f47a1ac00, 0x0000017f47a335c0, 0x0000017f509f2790, 0x0000017f509f2e20,
0x0000017f509f5580, 0x0000017f509d8390, 0x0000017f509db810, 0x0000017f509dbea0,
0x0000017f509dd250, 0x0000017f509df320, 0x0000017f509d6fe0, 0x0000017f509e06d0,
0x0000017f509e0d60, 0x0000017f509e27a0, 0x0000017f509d9740, 0x0000017f509dc530,
0x0000017f509e4f00, 0x0000017f509d9dd0, 0x0000017f509e2e30, 0x0000017f509ddf70,
0x0000017f509dec90, 0x0000017f509e7660, 0x0000017f509e7cf0, 0x0000017f509da460,
0x0000017f509e41e0, 0x0000017f509f3b40, 0x0000017f509f4860, 0x0000017f509e5590,
0x0000017f509e62b0, 0x0000017f509e8380, 0x0000017f509e4870, 0x0000017f509ec520,
0x0000017f509e6940, 0x0000017f509e9730, 0x0000017f509ecbb0, 0x0000017f509e3b50,
0x0000017f509e5c20, 0x0000017f509edf60, 0x0000017f509f62a0, 0x0000017f509f13e0,
0x0000017f509f2100, 0x0000017f509f4ef0, 0x0000017f509ef9a0, 0x0000017f465ae450,
0x0000017f465b6100, 0x0000017f465b46c0, 0x0000017f465b0bb0, 0x0000017f465af800,
0x0000017f465b5a70, 0x0000017f465b1240, 0x0000017f465b0520, 0x0000017f465b2c80,
0x0000017f465b18d0, 0x0000017f465b1f60, 0x0000017f465af170, 0x0000017f465b81d0,
0x0000017f465b4030, 0x0000017f465b6790, 0x0000017f465b25f0, 0x0000017f465b9580,
0x0000017f465b6e20, 0x0000017f465b74b0, 0x0000017f465addc0, 0x0000017f465b9c10,
0x0000017f465ba2a0, 0x0000017f465bb650, 0x0000017f465bc370, 0x0000017f507f1750
}

Java Threads: ( => current thread )
  0x0000017f66e315c0 JavaThread "main"                              [_thread_blocked, id=5500, stack(0x000000513ff00000,0x0000005140000000) (1024K)]
  0x0000017f66d19df0 JavaThread "Reference Handler"          daemon [_thread_blocked, id=9688, stack(0x0000005140300000,0x0000005140400000) (1024K)]
  0x0000017f66d1b660 JavaThread "Finalizer"                  daemon [_thread_blocked, id=3108, stack(0x0000005140400000,0x0000005140500000) (1024K)]
  0x0000017f66d1ef80 JavaThread "Signal Dispatcher"          daemon [_thread_blocked, id=10160, stack(0x0000005140500000,0x0000005140600000) (1024K)]
  0x0000017f66d21db0 JavaThread "Attach Listener"            daemon [_thread_blocked, id=9664, stack(0x0000005140600000,0x0000005140700000) (1024K)]
  0x0000017f66d23c00 JavaThread "Service Thread"             daemon [_thread_blocked, id=5540, stack(0x0000005140700000,0x0000005140800000) (1024K)]
  0x0000017f66d24660 JavaThread "Monitor Deflation Thread"   daemon [_thread_blocked, id=9900, stack(0x0000005140800000,0x0000005140900000) (1024K)]
=>0x0000017f66d254a0 JavaThread "C2 CompilerThread0"         daemon [_thread_in_native, id=6680, stack(0x0000005140900000,0x0000005140a00000) (1024K)]
  0x0000017f66d96510 JavaThread "C1 CompilerThread0"         daemon [_thread_blocked, id=8964, stack(0x0000005140a00000,0x0000005140b00000) (1024K)]
  0x0000017f7e515e60 JavaThread "Common-Cleaner"             daemon [_thread_blocked, id=9860, stack(0x0000005140b00000,0x0000005140c00000) (1024K)]
  0x0000017f7e633bd0 JavaThread "Notification Thread"        daemon [_thread_blocked, id=4012, stack(0x0000005140d00000,0x0000005140e00000) (1024K)]
  0x0000017f7e8cfb40 JavaThread "Active Thread: Equinox Container: 123bc2e0-5e81-488d-a91e-a5145f1ce940"        [_thread_blocked, id=7064, stack(0x0000005141100000,0x0000005141200000) (1024K)]
  0x0000017f7e8ca810 JavaThread "Refresh Thread: Equinox Container: 123bc2e0-5e81-488d-a91e-a5145f1ce940" daemon [_thread_blocked, id=3896, stack(0x0000005140c00000,0x0000005140d00000) (1024K)]
  0x0000017f7ed0cf60 JavaThread "Framework Event Dispatcher: Equinox Container: 123bc2e0-5e81-488d-a91e-a5145f1ce940" daemon [_thread_blocked, id=5232, stack(0x0000005141200000,0x0000005141300000) (1024K)]
  0x0000017f7ed11c50 JavaThread "Start Level: Equinox Container: 123bc2e0-5e81-488d-a91e-a5145f1ce940" daemon [_thread_blocked, id=9588, stack(0x0000005141300000,0x0000005141400000) (1024K)]
  0x0000017f452b6cd0 JavaThread "Bundle File Closer"         daemon [_thread_blocked, id=2212, stack(0x0000005141500000,0x0000005141600000) (1024K)]
  0x0000017f7ede5bf0 JavaThread "SCR Component Actor"        daemon [_thread_blocked, id=8180, stack(0x0000005141400000,0x0000005141500000) (1024K)]
  0x0000017f7e4d4f00 JavaThread "Worker-JM"                         [_thread_blocked, id=6980, stack(0x0000005141600000,0x0000005141700000) (1024K)]
  0x0000017f7ed93890 JavaThread "JNA Cleaner"                daemon [_thread_blocked, id=4292, stack(0x0000005141700000,0x0000005141800000) (1024K)]
  0x0000017f7ed93f20 JavaThread "Worker-0: Initialize workspace"        [_thread_blocked, id=6624, stack(0x0000005141800000,0x0000005141900000) (1024K)]
  0x0000017f7ed92b70 JavaThread "Worker-1: Initialize workspace"        [_thread_blocked, id=4996, stack(0x0000005141900000,0x0000005141a00000) (1024K)]
  0x0000017f7ed93200 JavaThread "Worker-2: Initialize workspace"        [_thread_blocked, id=1300, stack(0x0000005141b00000,0x0000005141c00000) (1024K)]
  0x0000017f46e2f080 JavaThread "Worker-3: Initialize workspace"        [_thread_blocked, id=7840, stack(0x0000005141c00000,0x0000005141d00000) (1024K)]
  0x0000017f46e2e9f0 JavaThread "Java indexing"              daemon [_thread_blocked, id=6032, stack(0x0000005141d00000,0x0000005141e00000) (1024K)]
  0x0000017f46e2e360 JavaThread "Worker-4: Initialize workspace"        [_thread_blocked, id=3948, stack(0x0000005141f00000,0x0000005142000000) (1024K)]
  0x0000017f46e2d640 JavaThread "Worker-5: Initialize workspace"        [_thread_blocked, id=6256, stack(0x0000005142000000,0x0000005142100000) (1024K)]
  0x0000017f46e2cfb0 JavaThread "pool-2-thread-1"                   [_thread_blocked, id=8248, stack(0x0000005142200000,0x0000005142300000) (1024K)]
  0x0000017f46e2bc00 JavaThread "WorkspaceEventsHandler"            [_thread_blocked, id=9848, stack(0x0000005142100000,0x0000005142200000) (1024K)]
  0x0000017f46e2dcd0 JavaThread "pool-1-thread-1"                   [_thread_in_native, id=9732, stack(0x0000005142300000,0x0000005142400000) (1024K)]
  0x0000017f46e2f710 JavaThread "PatternSearchJob-worker-1"  daemon [_thread_blocked, id=9420, stack(0x0000005142400000,0x0000005142500000) (1024K)]
  0x0000017f46e2aee0 JavaThread "PatternSearchJob-worker-2"  daemon [_thread_blocked, id=3492, stack(0x0000005142500000,0x0000005142600000) (1024K)]
  0x0000017f46e2fda0 JavaThread "PatternSearchJob-worker-3"  daemon [_thread_blocked, id=3008, stack(0x0000005142600000,0x0000005142700000) (1024K)]
  0x0000017f46e31150 JavaThread "Timer-0"                           [_thread_blocked, id=8996, stack(0x0000005142900000,0x0000005142a00000) (1024K)]
  0x0000017f46e30ac0 JavaThread "Timer-1"                           [_thread_blocked, id=10108, stack(0x0000005142a00000,0x0000005142b00000) (1024K)]
  0x0000017f46e2c920 JavaThread "Timer-2"                           [_thread_blocked, id=6560, stack(0x0000005142b00000,0x0000005142c00000) (1024K)]
  0x0000017f46e2a1c0 JavaThread "Worker-6: Initialize workspace"        [_thread_blocked, id=6720, stack(0x0000005142c00000,0x0000005142d00000) (1024K)]
  0x0000017f46e2a850 JavaThread "Timer-3"                           [_thread_blocked, id=9408, stack(0x0000005142d00000,0x0000005142e00000) (1024K)]
  0x0000017f46e2c290 JavaThread "Timer-4"                           [_thread_blocked, id=5436, stack(0x0000005142e00000,0x0000005142f00000) (1024K)]
  0x0000017f46e2b570 JavaThread "Worker-7: Initialize workspace"        [_thread_blocked, id=5592, stack(0x0000005142800000,0x0000005142900000) (1024K)]
  0x0000017f45ce5a90 JavaThread "Timer-5"                           [_thread_blocked, id=9132, stack(0x0000005143000000,0x0000005143100000) (1024K)]
  0x0000017f45ce46e0 JavaThread "Worker-8: Initialize workspace"        [_thread_blocked, id=9800, stack(0x0000005142f00000,0x0000005143000000) (1024K)]
  0x0000017f45ce6e40 JavaThread "Timer-6"                           [_thread_blocked, id=9956, stack(0x0000005143200000,0x0000005143300000) (1024K)]
  0x0000017f45ce74d0 JavaThread "Timer-7"                           [_thread_blocked, id=244, stack(0x0000005143300000,0x0000005143400000) (1024K)]
  0x0000017f45ce4050 JavaThread "Worker-9: Initialize workspace"        [_thread_blocked, id=7724, stack(0x0000005143400000,0x0000005143500000) (1024K)]
  0x0000017f45ce6120 JavaThread "Worker-10: Initialize workspace"        [_thread_blocked, id=8104, stack(0x0000005143100000,0x0000005143200000) (1024K)]
  0x0000017f45ce8f10 JavaThread "Timer-8"                           [_thread_blocked, id=7244, stack(0x0000005143600000,0x0000005143700000) (1024K)]
  0x0000017f45ce7b60 JavaThread "Worker-11: Initialize workspace"        [_thread_blocked, id=10120, stack(0x0000005143500000,0x0000005143600000) (1024K)]
  0x0000017f45ceafe0 JavaThread "Timer-9"                           [_thread_blocked, id=3740, stack(0x0000005143800000,0x0000005143900000) (1024K)]
  0x0000017f45ce67b0 JavaThread "Timer-10"                          [_thread_blocked, id=2732, stack(0x0000005143900000,0x0000005143a00000) (1024K)]
  0x0000017f45ce4d70 JavaThread "Worker-12: Initialize workspace"        [_thread_blocked, id=9724, stack(0x0000005142700000,0x0000005142800000) (1024K)]
  0x0000017f45ce8880 JavaThread "Timer-11"                          [_thread_blocked, id=8284, stack(0x0000005143a00000,0x0000005143b00000) (1024K)]
  0x0000017f45ce81f0 JavaThread "Worker-13: Initialize workspace"        [_thread_blocked, id=9516, stack(0x0000005143c00000,0x0000005143d00000) (1024K)]
  0x0000017f45cea950 JavaThread "Timer-12"                          [_thread_blocked, id=1776, stack(0x0000005143d00000,0x0000005143e00000) (1024K)]
  0x0000017f45ce9c30 JavaThread "Worker-14: Initialize workspace"        [_thread_blocked, id=6408, stack(0x0000005143700000,0x0000005143800000) (1024K)]
  0x0000017f45ce5400 JavaThread "Worker-15: Initialize workspace"        [_thread_blocked, id=8272, stack(0x0000005143b00000,0x0000005143c00000) (1024K)]
  0x0000017f45ceb670 JavaThread "Timer-13"                          [_thread_blocked, id=3644, stack(0x0000005143f00000,0x0000005144000000) (1024K)]
  0x0000017f45cea2c0 JavaThread "Timer-14"                          [_thread_blocked, id=9300, stack(0x0000005144100000,0x0000005144200000) (1024K)]
  0x0000017f48318ba0 JavaThread "Worker-16: Initialize workspace"        [_thread_blocked, id=9564, stack(0x0000005144200000,0x0000005144300000) (1024K)]
  0x0000017f4831ac70 JavaThread "Timer-15"                          [_thread_blocked, id=5864, stack(0x0000005144300000,0x0000005144400000) (1024K)]
  0x0000017f48318510 JavaThread "Worker-17: Initialize workspace"        [_thread_blocked, id=1292, stack(0x0000005144500000,0x0000005144600000) (1024K)]
  0x0000017f4831b990 JavaThread "Timer-16"                          [_thread_blocked, id=9240, stack(0x0000005144400000,0x0000005144500000) (1024K)]
  0x0000017f483198c0 JavaThread "Worker-18: Initialize workspace"        [_thread_blocked, id=9792, stack(0x0000005144600000,0x0000005144700000) (1024K)]
  0x0000017f483177f0 JavaThread "Worker-19: Initialize workspace"        [_thread_blocked, id=5976, stack(0x0000005144700000,0x0000005144800000) (1024K)]
  0x0000017f48319230 JavaThread "Timer-17"                          [_thread_blocked, id=2160, stack(0x0000005144800000,0x0000005144900000) (1024K)]
  0x0000017f4831cd40 JavaThread "Timer-18"                          [_thread_blocked, id=5200, stack(0x0000005144900000,0x0000005144a00000) (1024K)]
  0x0000017f48315db0 JavaThread "Worker-20: Initialize workspace"        [_thread_blocked, id=5860, stack(0x0000005144a00000,0x0000005144b00000) (1024K)]
  0x0000017f4831d3d0 JavaThread "Timer-19"                          [_thread_blocked, id=4136, stack(0x0000005144000000,0x0000005144100000) (1024K)]
  0x0000017f48316440 JavaThread "Worker-21: Initialize workspace"        [_thread_blocked, id=8660, stack(0x0000005143e00000,0x0000005143f00000) (1024K)]
  0x0000017f48316ad0 JavaThread "Timer-20"                          [_thread_blocked, id=5972, stack(0x0000005144c00000,0x0000005144d00000) (1024K)]
  0x0000017f48317e80 JavaThread "Worker-22: Initialize workspace"        [_thread_blocked, id=1180, stack(0x0000005144d00000,0x0000005144e00000) (1024K)]
  0x0000017f45ce95a0 JavaThread "Timer-21"                          [_thread_blocked, id=6800, stack(0x0000005145000000,0x0000005145100000) (1024K)]
  0x0000017f46e30430 JavaThread "Worker-23: Initialize workspace"        [_thread_blocked, id=9244, stack(0x0000005144b00000,0x0000005144c00000) (1024K)]
  0x0000017f48319f50 JavaThread "Worker-24: Initialize workspace"        [_thread_blocked, id=6500, stack(0x0000005144e00000,0x0000005144f00000) (1024K)]
  0x0000017f4831b300 JavaThread "Timer-22"                          [_thread_blocked, id=7708, stack(0x0000005145100000,0x0000005145200000) (1024K)]
  0x0000017f4831a5e0 JavaThread "Worker-25: Initialize workspace"        [_thread_blocked, id=996, stack(0x0000005144f00000,0x0000005145000000) (1024K)]
  0x0000017f46a7f380 JavaThread "Timer-23"                          [_thread_blocked, id=9484, stack(0x0000005145400000,0x0000005145500000) (1024K)]
  0x0000017f46a7fa10 JavaThread "Worker-26: Initialize workspace"        [_thread_blocked, id=1620, stack(0x0000005145200000,0x0000005145300000) (1024K)]
  0x0000017f46a800a0 JavaThread "Worker-27: Initialize workspace"        [_thread_blocked, id=8672, stack(0x0000005145300000,0x0000005145400000) (1024K)]
  0x0000017f46a7b1e0 JavaThread "Worker-28: Initialize workspace"        [_thread_blocked, id=2356, stack(0x0000005145500000,0x0000005145600000) (1024K)]
  0x0000017f46a79e30 JavaThread "Timer-24"                          [_thread_blocked, id=892, stack(0x0000005145700000,0x0000005145800000) (1024K)]
  0x0000017f46a7ab50 JavaThread "Timer-25"                          [_thread_blocked, id=5336, stack(0x0000005145800000,0x0000005145900000) (1024K)]
  0x0000017f46a7b870 JavaThread "Timer-26"                          [_thread_blocked, id=10132, stack(0x0000005145900000,0x0000005145a00000) (1024K)]
  0x0000017f46a79110 JavaThread "Worker-29: Initialize workspace"        [_thread_blocked, id=7680, stack(0x0000005145600000,0x0000005145700000) (1024K)]
  0x0000017f46a80730 JavaThread "Timer-27"                          [_thread_blocked, id=3820, stack(0x0000005145b00000,0x0000005145c00000) (1024K)]
  0x0000017f46a7bf00 JavaThread "Worker-30: Initialize workspace"        [_thread_blocked, id=2528, stack(0x0000005145a00000,0x0000005145b00000) (1024K)]
  0x0000017f46a7dfd0 JavaThread "Timer-28"                          [_thread_blocked, id=7824, stack(0x0000005145d00000,0x0000005145e00000) (1024K)]
  0x0000017f46a7c590 JavaThread "Worker-31: Initialize workspace"        [_thread_blocked, id=7124, stack(0x0000005145e00000,0x0000005145f00000) (1024K)]
  0x0000017f46a797a0 JavaThread "Timer-29"                          [_thread_blocked, id=5764, stack(0x0000005145f00000,0x0000005146000000) (1024K)]
  0x0000017f46a7a4c0 JavaThread "Timer-30"                          [_thread_blocked, id=8828, stack(0x0000005146000000,0x0000005146100000) (1024K)]
  0x0000017f46a7e660 JavaThread "Worker-32: Initialize workspace"        [_thread_blocked, id=9808, stack(0x0000005146100000,0x0000005146200000) (1024K)]
  0x0000017f46a7ecf0 JavaThread "Worker-33: Initialize workspace"        [_thread_blocked, id=8764, stack(0x0000005145c00000,0x0000005145d00000) (1024K)]
  0x0000017f46a7d2b0 JavaThread "Timer-31"                          [_thread_blocked, id=10016, stack(0x0000005146300000,0x0000005146400000) (1024K)]
  0x0000017f46a7d940 JavaThread "Timer-32"                          [_thread_blocked, id=5600, stack(0x0000005146400000,0x0000005146500000) (1024K)]
  0x0000017f45ec4520 JavaThread "Worker-34: Initialize workspace"        [_thread_blocked, id=7056, stack(0x0000005146500000,0x0000005146600000) (1024K)]
  0x0000017f45ec93e0 JavaThread "Timer-33"                          [_thread_blocked, id=2468, stack(0x0000005146600000,0x0000005146700000) (1024K)]
  0x0000017f45ec6c80 JavaThread "Worker-35: Initialize workspace"        [_thread_blocked, id=1496, stack(0x0000005146700000,0x0000005146800000) (1024K)]
  0x0000017f45ec8d50 JavaThread "Timer-34"                          [_thread_blocked, id=8408, stack(0x0000005146800000,0x0000005146900000) (1024K)]
  0x0000017f45ec86c0 JavaThread "Worker-36: Initialize workspace"        [_thread_blocked, id=2300, stack(0x0000005146900000,0x0000005146a00000) (1024K)]
  0x0000017f45ec7310 JavaThread "Worker-37: Initialize workspace"        [_thread_blocked, id=3484, stack(0x0000005146200000,0x0000005146300000) (1024K)]
  0x0000017f45ec79a0 JavaThread "Timer-35"                          [_thread_blocked, id=7868, stack(0x0000005146b00000,0x0000005146c00000) (1024K)]
  0x0000017f45ec3170 JavaThread "Timer-36"                          [_thread_blocked, id=8064, stack(0x0000005146c00000,0x0000005146d00000) (1024K)]
  0x0000017f45ec2450 JavaThread "Worker-38: Initialize workspace"        [_thread_blocked, id=8312, stack(0x0000005146a00000,0x0000005146b00000) (1024K)]
  0x0000017f45ec58d0 JavaThread "Worker-39: Initialize workspace"        [_thread_blocked, id=6128, stack(0x0000005146d00000,0x0000005146e00000) (1024K)]
  0x0000017f45ec5f60 JavaThread "Worker-40: Initialize workspace"        [_thread_blocked, id=1668, stack(0x0000005146e00000,0x0000005146f00000) (1024K)]
  0x0000017f45ec8030 JavaThread "Timer-37"                          [_thread_blocked, id=4544, stack(0x0000005147000000,0x0000005147100000) (1024K)]
  0x0000017f45ec5240 JavaThread "Timer-38"                          [_thread_blocked, id=6268, stack(0x000000513fe00000,0x000000513ff00000) (1024K)]
  0x0000017f45ec3e90 JavaThread "Timer-39"                          [_thread_blocked, id=7368, stack(0x0000005146f00000,0x0000005147000000) (1024K)]
  0x0000017f45ec9a70 JavaThread "Worker-41: Initialize workspace"        [_thread_blocked, id=2472, stack(0x000000513fd00000,0x000000513fe00000) (1024K)]
  0x0000017f45ec3800 JavaThread "Timer-40"                          [_thread_blocked, id=4904, stack(0x0000005147200000,0x0000005147300000) (1024K)]
  0x0000017f45ec4bb0 JavaThread "Worker-42: Initialize workspace"        [_thread_blocked, id=3636, stack(0x0000005147300000,0x0000005147400000) (1024K)]
  0x0000017f45ec65f0 JavaThread "Timer-41"                          [_thread_blocked, id=6972, stack(0x0000005147400000,0x0000005147500000) (1024K)]
  0x0000017f46a7cc20 JavaThread "Worker-43: Initialize workspace"        [_thread_blocked, id=9308, stack(0x0000005147500000,0x0000005147600000) (1024K)]
  0x0000017f4819e4c0 JavaThread "Timer-42"                          [_thread_blocked, id=9452, stack(0x0000005147600000,0x0000005147700000) (1024K)]
  0x0000017f4819ca80 JavaThread "Timer-43"                          [_thread_blocked, id=8252, stack(0x0000005147800000,0x0000005147900000) (1024K)]
  0x0000017f4819d110 JavaThread "Worker-45: Initialize workspace"        [_thread_blocked, id=1120, stack(0x0000005147900000,0x0000005147a00000) (1024K)]
  0x0000017f4819d7a0 JavaThread "Worker-46: Initialize workspace"        [_thread_blocked, id=2416, stack(0x0000005147100000,0x0000005147200000) (1024K)]
  0x0000017f4819de30 JavaThread "Timer-44"                          [_thread_blocked, id=1284, stack(0x0000005147b00000,0x0000005147c00000) (1024K)]
  0x0000017f4819b040 JavaThread "Timer-45"                          [_thread_blocked, id=6676, stack(0x0000005147c00000,0x0000005147d00000) (1024K)]
  0x0000017f4819b6d0 JavaThread "Worker-47: Initialize workspace"        [_thread_blocked, id=1520, stack(0x0000005147a00000,0x0000005147b00000) (1024K)]
  0x0000017f45ec2ae0 JavaThread "Worker-49: Initialize workspace"        [_thread_blocked, id=8732, stack(0x0000005147e00000,0x0000005147f00000) (1024K)]
  0x0000017f46ef3fc0 JavaThread "Timer-46"                          [_thread_blocked, id=10028, stack(0x0000005148000000,0x0000005148100000) (1024K)]
  0x0000017f46ef32a0 JavaThread "Worker-51: Initialize workspace"        [_thread_blocked, id=2396, stack(0x0000005148100000,0x0000005148200000) (1024K)]
  0x0000017f46ef4650 JavaThread "Timer-47"                          [_thread_blocked, id=8372, stack(0x0000005147f00000,0x0000005148000000) (1024K)]
  0x0000017f46ef5370 JavaThread "Timer-48"                          [_thread_blocked, id=4008, stack(0x0000005147700000,0x0000005147800000) (1024K)]
  0x0000017f46ef4ce0 JavaThread "Worker-56: Initialize workspace"        [_thread_blocked, id=7568, stack(0x0000005148200000,0x0000005148300000) (1024K)]
  0x0000017f46ef2c10 JavaThread "Timer-49"                          [_thread_blocked, id=6208, stack(0x0000005148500000,0x0000005148600000) (1024K)]
  0x0000017f46ef2580 JavaThread "Timer-50"                          [_thread_blocked, id=9352, stack(0x0000005148600000,0x0000005148700000) (1024K)]
  0x0000017f46ef3930 JavaThread "Worker-66: Initialize workspace"        [_thread_blocked, id=1040, stack(0x0000005148300000,0x0000005148400000) (1024K)]
  0x0000017f4853adf0 JavaThread "Timer-51"                          [_thread_blocked, id=9964, stack(0x0000005148800000,0x0000005148900000) (1024K)]
  0x0000017f4853bb10 JavaThread "Worker-71: Initialize workspace"        [_thread_blocked, id=6332, stack(0x0000005148400000,0x0000005148500000) (1024K)]
  0x0000017f4853c1a0 JavaThread "Timer-52"                          [_thread_blocked, id=5912, stack(0x0000005148a00000,0x0000005148b00000) (1024K)]
  0x0000017f4853e900 JavaThread "Worker-75: Initialize workspace"        [_thread_blocked, id=8420, stack(0x0000005148700000,0x0000005148800000) (1024K)]
  0x0000017f48540340 JavaThread "Timer-53"                          [_thread_blocked, id=8600, stack(0x0000005148900000,0x0000005148a00000) (1024K)]
  0x0000017f485416f0 JavaThread "Worker-81: Initialize workspace"        [_thread_blocked, id=5392, stack(0x0000005148b00000,0x0000005148c00000) (1024K)]
  0x0000017f48541060 JavaThread "Timer-54"                          [_thread_blocked, id=7264, stack(0x0000005148e00000,0x0000005148f00000) (1024K)]
  0x0000017f485409d0 JavaThread "Worker-89: Initialize workspace"        [_thread_blocked, id=9232, stack(0x0000005147d00000,0x0000005147e00000) (1024K)]
  0x0000017f4853c830 JavaThread "Timer-55"                          [_thread_blocked, id=6252, stack(0x0000005149000000,0x0000005149100000) (1024K)]
  0x0000017f4853d550 JavaThread "Worker-94: Initialize workspace"        [_thread_blocked, id=8892, stack(0x0000005148d00000,0x0000005148e00000) (1024K)]
  0x0000017f4853e270 JavaThread "Timer-56"                          [_thread_blocked, id=4188, stack(0x0000005149300000,0x0000005149400000) (1024K)]
  0x0000017f48541d80 JavaThread "Worker-97: Initialize workspace"        [_thread_blocked, id=1792, stack(0x0000005149500000,0x0000005149600000) (1024K)]
  0x0000017f4508dd50 JavaThread "Worker-107: Initialize workspace"        [_thread_blocked, id=8576, stack(0x000000514a100000,0x000000514a200000) (1024K)]
  0x0000017f4508f100 JavaThread "Worker-115: Initialize workspace"        [_thread_blocked, id=8428, stack(0x000000514a700000,0x000000514a800000) (1024K)]
  0x0000017f4508d030 JavaThread "Timer-57"                          [_thread_blocked, id=8888, stack(0x000000514ad00000,0x000000514ae00000) (1024K)]
  0x0000017f4508d6c0 JavaThread "Worker-122: Initialize workspace"        [_thread_blocked, id=9796, stack(0x000000514a600000,0x000000514a700000) (1024K)]
  0x0000017f45090b40 JavaThread "Timer-58"                          [_thread_blocked, id=4476, stack(0x000000514ab00000,0x000000514ac00000) (1024K)]
  0x0000017f4853dbe0 JavaThread "Worker-130: Initialize workspace"        [_thread_blocked, id=6440, stack(0x000000514ac00000,0x000000514ad00000) (1024K)]
  0x0000017f48a18c30 JavaThread "Timer-59"                          [_thread_blocked, id=9700, stack(0x000000514b200000,0x000000514b300000) (1024K)]
  0x0000017f48a16b60 JavaThread "Connection worker"                 [_thread_blocked, id=4252, stack(0x000000514aa00000,0x000000514ab00000) (1024K)]
  0x0000017f48a164d0 JavaThread "Connection worker"                 [_thread_blocked, id=9012, stack(0x000000514b000000,0x000000514b100000) (1024K)]
  0x0000017f48a157b0 JavaThread "Connection worker"                 [_thread_blocked, id=7948, stack(0x000000514b300000,0x000000514b400000) (1024K)]
  0x0000017f48a15e40 JavaThread "Connection worker"                 [_thread_in_native, id=1260, stack(0x000000514b400000,0x000000514b500000) (1024K)]
  0x0000017f48a192c0 JavaThread "Connection worker"                 [_thread_in_native, id=6060, stack(0x000000514b500000,0x000000514b600000) (1024K)]
  0x0000017f48a1a670 JavaThread "Connection worker"                 [_thread_in_native, id=6496, stack(0x000000514b600000,0x000000514b700000) (1024K)]
  0x0000017f48a1b390 JavaThread "Connection worker"                 [_thread_blocked, id=9040, stack(0x000000514b700000,0x000000514b800000) (1024K)]
  0x0000017f48a1cdd0 JavaThread "Connection worker"                 [_thread_blocked, id=5732, stack(0x000000514b100000,0x000000514b200000) (1024K)]
  0x0000017f48a19950 JavaThread "Connection worker"                 [_thread_blocked, id=1188, stack(0x000000514b900000,0x000000514ba00000) (1024K)]
  0x0000017f48a1e810 JavaThread "Connection worker"                 [_thread_in_native, id=8696, stack(0x000000514c300000,0x000000514c400000) (1024K)]
  0x0000017f48a17f10 JavaThread "Connection worker"                 [_thread_blocked, id=5112, stack(0x000000514c500000,0x000000514c600000) (1024K)]
  0x0000017f48a208e0 JavaThread "Connection worker"                 [_thread_in_native, id=10248, stack(0x000000514c700000,0x000000514c800000) (1024K)]
  0x0000017f48a20f70 JavaThread "Connection worker"                 [_thread_blocked, id=10260, stack(0x000000514ca00000,0x000000514cb00000) (1024K)]
  0x0000017f48a23040 JavaThread "Connection worker"                 [_thread_in_native, id=10264, stack(0x000000514cb00000,0x000000514cc00000) (1024K)]
  0x0000017f48a21600 JavaThread "Connection worker"                 [_thread_blocked, id=10268, stack(0x000000514cc00000,0x000000514cd00000) (1024K)]
  0x0000017f48a243f0 JavaThread "Connection worker"                 [_thread_in_native, id=10272, stack(0x000000514cd00000,0x000000514ce00000) (1024K)]
  0x0000017f48a1f530 JavaThread "Connection worker"                 [_thread_in_native, id=10276, stack(0x000000514ce00000,0x000000514cf00000) (1024K)]
  0x0000017f48a22320 JavaThread "Connection worker"                 [_thread_blocked, id=10280, stack(0x000000514cf00000,0x000000514d000000) (1024K)]
  0x0000017f48a21c90 JavaThread "Connection worker"                 [_thread_blocked, id=10284, stack(0x000000514d000000,0x000000514d100000) (1024K)]
  0x0000017f48a19fe0 JavaThread "Connection worker"                 [_thread_blocked, id=10360, stack(0x000000514ba00000,0x000000514bb00000) (1024K)]
  0x0000017f48a171f0 JavaThread "Connection worker"                 [_thread_blocked, id=10368, stack(0x000000514bc00000,0x000000514bd00000) (1024K)]
  0x0000017f48a1e180 JavaThread "Connection worker"                 [_thread_in_native, id=10372, stack(0x000000514bd00000,0x000000514be00000) (1024K)]
  0x0000017f48a1d460 JavaThread "Connection worker"                 [_thread_blocked, id=10380, stack(0x000000514c000000,0x000000514c100000) (1024K)]
  0x0000017f48a1daf0 JavaThread "Connection worker"                 [_thread_blocked, id=10384, stack(0x000000514c100000,0x000000514c200000) (1024K)]
  0x0000017f48a1ba20 JavaThread "Connection worker"                 [_thread_blocked, id=10404, stack(0x000000514c600000,0x000000514c700000) (1024K)]
  0x0000017f48a236d0 JavaThread "Worker-139: Initialize workspace"        [_thread_blocked, id=10412, stack(0x000000514c800000,0x000000514c900000) (1024K)]
  0x0000017f48a1c740 JavaThread "Connection worker"                 [_thread_blocked, id=10424, stack(0x000000514c900000,0x000000514ca00000) (1024K)]
  0x0000017f48a1ad00 JavaThread "Connection worker"                 [_thread_blocked, id=10428, stack(0x000000514c200000,0x000000514c300000) (1024K)]
  0x0000017f48a1fbc0 JavaThread "Connection worker"                 [_thread_blocked, id=10440, stack(0x000000514c400000,0x000000514c500000) (1024K)]
  0x0000017f46f7bfc0 JavaThread "Connection worker"                 [_thread_blocked, id=10536, stack(0x000000514bf00000,0x000000514c000000) (1024K)]
  0x0000017f46f77100 JavaThread "Connection worker"                 [_thread_blocked, id=10628, stack(0x000000514d600000,0x000000514d700000) (1024K)]
  0x0000017f46f7a580 JavaThread "Connection worker"                 [_thread_blocked, id=10672, stack(0x000000514d200000,0x000000514d300000) (1024K)]
  0x0000017f46f79860 JavaThread "Connection worker"                 [_thread_blocked, id=10692, stack(0x000000514d800000,0x000000514d900000) (1024K)]
  0x0000017f46f7b2a0 JavaThread "Timer-60"                          [_thread_blocked, id=10696, stack(0x000000514d900000,0x000000514da00000) (1024K)]
  0x0000017f46f79ef0 JavaThread "Connection worker"                 [_thread_in_native, id=10708, stack(0x000000514dc00000,0x000000514dd00000) (1024K)]
  0x0000017f46f75d50 JavaThread "Connection worker"                 [_thread_in_native, id=10716, stack(0x000000514de00000,0x000000514df00000) (1024K)]
  0x0000017f46f75030 JavaThread "Connection worker"                 [_thread_blocked, id=10720, stack(0x000000514df00000,0x000000514e000000) (1024K)]
  0x0000017f46f791d0 JavaThread "Connection worker"                 [_thread_in_native, id=10724, stack(0x000000514e000000,0x000000514e100000) (1024K)]
  0x0000017f46f7c650 JavaThread "Connection worker"                 [_thread_blocked, id=10728, stack(0x000000514e100000,0x000000514e200000) (1024K)]
  0x0000017f46f7cce0 JavaThread "Connection worker"                 [_thread_blocked, id=10732, stack(0x000000514e200000,0x000000514e300000) (1024K)]
  0x0000017f46f77790 JavaThread "Connection worker"                 [_thread_blocked, id=10740, stack(0x000000514e400000,0x000000514e500000) (1024K)]
  0x0000017f46f828c0 JavaThread "Connection worker"                 [_thread_blocked, id=10744, stack(0x000000514e500000,0x000000514e600000) (1024K)]
  0x0000017f46f76a70 JavaThread "Connection worker"                 [_thread_in_native, id=10752, stack(0x000000514d100000,0x000000514d200000) (1024K)]
  0x0000017f46f784b0 JavaThread "Connection worker"                 [_thread_in_native, id=10756, stack(0x000000514d300000,0x000000514d400000) (1024K)]
  0x0000017f46f7fad0 JavaThread "Connection worker"                 [_thread_blocked, id=10820, stack(0x000000514ea00000,0x000000514eb00000) (1024K)]
  0x0000017f46f7edb0 JavaThread "Connection worker"                 [_thread_blocked, id=10840, stack(0x000000514ed00000,0x000000514ee00000) (1024K)]
  0x0000017f46f82230 JavaThread "Connection worker"                 [_thread_in_native, id=10848, stack(0x000000514ee00000,0x000000514ef00000) (1024K)]
  0x0000017f46f80160 JavaThread "Connection worker"                 [_thread_blocked, id=10852, stack(0x000000514e700000,0x000000514e800000) (1024K)]
  0x0000017f46f81ba0 JavaThread "Connection worker"                 [_thread_blocked, id=10872, stack(0x000000514f000000,0x000000514f100000) (1024K)]
  0x0000017f46f7d370 JavaThread "Connection worker"                 [_thread_blocked, id=10892, stack(0x000000514a900000,0x000000514aa00000) (1024K)]
  0x0000017f46f749a0 JavaThread "Connection worker"                 [_thread_blocked, id=10896, stack(0x000000514d400000,0x000000514d500000) (1024K)]
  0x0000017f46f78b40 JavaThread "Connection worker"                 [_thread_blocked, id=10900, stack(0x000000514d500000,0x000000514d600000) (1024K)]
  0x0000017f46f7e720 JavaThread "Connection worker"                 [_thread_blocked, id=10952, stack(0x000000514db00000,0x000000514dc00000) (1024K)]
  0x0000017f48a229b0 JavaThread "Connection worker"                 [_thread_blocked, id=11016, stack(0x000000514f500000,0x000000514f600000) (1024K)]
  0x0000017f475832f0 JavaThread "Connection worker"                 [_thread_blocked, id=11084, stack(0x000000514dd00000,0x000000514de00000) (1024K)]
  0x0000017f47581f40 JavaThread "Connection worker"                 [_thread_blocked, id=11252, stack(0x000000514e300000,0x000000514e400000) (1024K)]
  0x0000017f4757f150 JavaThread "Worker-142: Initialize workspace"        [_thread_blocked, id=7804, stack(0x000000514da00000,0x000000514db00000) (1024K)]
  0x0000017f47582c60 JavaThread "pool-3-thread-1"                   [_thread_blocked, id=10604, stack(0x000000514e900000,0x000000514ea00000) (1024K)]
  0x0000017f4757c9f0 JavaThread "pool-15-thread-1"                  [_thread_blocked, id=10584, stack(0x000000514f300000,0x000000514f400000) (1024K)]
  0x0000017f47584010 JavaThread "pool-24-thread-1"                  [_thread_blocked, id=10580, stack(0x000000514f600000,0x000000514f700000) (1024K)]
  0x0000017f4757d080 JavaThread "pool-28-thread-1"                  [_thread_blocked, id=10624, stack(0x000000514f700000,0x000000514f800000) (1024K)]
  0x0000017f475846a0 JavaThread "pool-29-thread-1"                  [_thread_blocked, id=10592, stack(0x000000514ff00000,0x0000005150000000) (1024K)]
  0x0000017f4757d710 JavaThread "pool-8-thread-1"                   [_thread_blocked, id=10632, stack(0x0000005150000000,0x0000005150100000) (1024K)]
  0x0000017f4757dda0 JavaThread "pool-39-thread-1"                  [_thread_blocked, id=10636, stack(0x0000005150100000,0x0000005150200000) (1024K)]
  0x0000017f475853c0 JavaThread "pool-10-thread-1"                  [_thread_blocked, id=10640, stack(0x0000005150200000,0x0000005150300000) (1024K)]
  0x0000017f47586770 JavaThread "pool-11-thread-1"                  [_thread_blocked, id=10644, stack(0x0000005150300000,0x0000005150400000) (1024K)]
  0x0000017f47585a50 JavaThread "pool-13-thread-1"                  [_thread_blocked, id=9676, stack(0x0000005150400000,0x0000005150500000) (1024K)]
  0x0000017f47586e00 JavaThread "pool-14-thread-1"                  [_thread_blocked, id=10648, stack(0x0000005150500000,0x0000005150600000) (1024K)]
  0x0000017f475860e0 JavaThread "pool-12-thread-1"                  [_thread_blocked, id=10656, stack(0x0000005150600000,0x0000005150700000) (1024K)]
  0x0000017f47587490 JavaThread "pool-16-thread-1"                  [_thread_blocked, id=10704, stack(0x0000005150800000,0x0000005150900000) (1024K)]
  0x0000017f47589560 JavaThread "pool-4-thread-1"                   [_thread_blocked, id=10712, stack(0x0000005150900000,0x0000005150a00000) (1024K)]
  0x0000017f47587b20 JavaThread "pool-17-thread-1"                  [_thread_blocked, id=10736, stack(0x0000005150a00000,0x0000005150b00000) (1024K)]
  0x0000017f475881b0 JavaThread "pool-18-thread-1"                  [_thread_blocked, id=10748, stack(0x0000005150b00000,0x0000005150c00000) (1024K)]
  0x0000017f47588ed0 JavaThread "pool-19-thread-1"                  [_thread_blocked, id=10764, stack(0x0000005150c00000,0x0000005150d00000) (1024K)]
  0x0000017f4758a910 JavaThread "pool-20-thread-1"                  [_thread_blocked, id=10772, stack(0x0000005150d00000,0x0000005150e00000) (1024K)]
  0x0000017f47589bf0 JavaThread "pool-22-thread-1"                  [_thread_blocked, id=10768, stack(0x0000005150e00000,0x0000005150f00000) (1024K)]
  0x0000017f4758afa0 JavaThread "pool-21-thread-1"                  [_thread_blocked, id=10760, stack(0x0000005150f00000,0x0000005151000000) (1024K)]
  0x0000017f4758a280 JavaThread "pool-23-thread-1"                  [_thread_blocked, id=5760, stack(0x0000005151000000,0x0000005151100000) (1024K)]
  0x0000017f4758b630 JavaThread "pool-5-thread-1"                   [_thread_blocked, id=10776, stack(0x0000005151100000,0x0000005151200000) (1024K)]
  0x0000017f46f77e20 JavaThread "pool-25-thread-1"                  [_thread_blocked, id=10824, stack(0x0000005151200000,0x0000005151300000) (1024K)]
  0x0000017f46f763e0 JavaThread "pool-26-thread-1"                  [_thread_blocked, id=4400, stack(0x0000005151300000,0x0000005151400000) (1024K)]
  0x0000017f46f807f0 JavaThread "pool-27-thread-1"                  [_thread_blocked, id=8620, stack(0x0000005151400000,0x0000005151500000) (1024K)]
  0x0000017f46f80e80 JavaThread "pool-7-thread-1"                   [_thread_blocked, id=10792, stack(0x0000005151500000,0x0000005151600000) (1024K)]
  0x0000017f46f7f440 JavaThread "pool-30-thread-1"                  [_thread_blocked, id=3800, stack(0x0000005151600000,0x0000005151700000) (1024K)]
  0x0000017f46f7e090 JavaThread "pool-6-thread-1"                   [_thread_blocked, id=3580, stack(0x0000005151700000,0x0000005151800000) (1024K)]
  0x0000017f46f7ac10 JavaThread "pool-31-thread-1"                  [_thread_blocked, id=10620, stack(0x0000005151800000,0x0000005151900000) (1024K)]
  0x0000017f46f7b930 JavaThread "pool-32-thread-1"                  [_thread_blocked, id=10788, stack(0x0000005151900000,0x0000005151a00000) (1024K)]
  0x0000017f46f835e0 JavaThread "pool-33-thread-1"                  [_thread_blocked, id=10836, stack(0x0000005151a00000,0x0000005151b00000) (1024K)]
  0x0000017f48a1eea0 JavaThread "pool-35-thread-1"                  [_thread_blocked, id=10860, stack(0x0000005151c00000,0x0000005151d00000) (1024K)]
  0x0000017f48a185a0 JavaThread "pool-36-thread-1"                  [_thread_blocked, id=10664, stack(0x0000005151d00000,0x0000005151e00000) (1024K)]
  0x0000017f48a24a80 JavaThread "pool-37-thread-1"                  [_thread_blocked, id=10864, stack(0x0000005151e00000,0x0000005151f00000) (1024K)]
  0x0000017f48a23d60 JavaThread "pool-38-thread-1"                  [_thread_blocked, id=10868, stack(0x0000005151f00000,0x0000005152000000) (1024K)]
  0x0000017f4508a240 JavaThread "pool-40-thread-1"                  [_thread_blocked, id=10816, stack(0x0000005152000000,0x0000005152100000) (1024K)]
  0x0000017f4508bc80 JavaThread "pool-9-thread-1"                   [_thread_blocked, id=10812, stack(0x0000005152100000,0x0000005152200000) (1024K)]
  0x0000017f46ef5a00 JavaThread "pool-41-thread-1"                  [_thread_blocked, id=10808, stack(0x0000005152200000,0x0000005152300000) (1024K)]
  0x0000017f507ee960 JavaThread "pool-42-thread-1"                  [_thread_blocked, id=10784, stack(0x0000005152300000,0x0000005152400000) (1024K)]
  0x0000017f507eeff0 JavaThread "pool-43-thread-1"                  [_thread_blocked, id=10804, stack(0x0000005152400000,0x0000005152500000) (1024K)]
  0x0000017f507f2b00 JavaThread "pool-46-thread-1"                  [_thread_blocked, id=10904, stack(0x0000005153000000,0x0000005153100000) (1024K)]
  0x0000017f507edc40 JavaThread "pool-48-thread-1"                  [_thread_blocked, id=10944, stack(0x000000514e600000,0x000000514e700000) (1024K)]
  0x0000017f507f8050 JavaThread "Timer-61"                          [_thread_blocked, id=10936, stack(0x000000514f100000,0x000000514f200000) (1024K)]
  0x0000017f507fc1f0 JavaThread "pool-45-thread-1"                  [_thread_blocked, id=10992, stack(0x000000514f900000,0x000000514fa00000) (1024K)]
  0x0000017f507f58f0 JavaThread "pool-44-thread-1"                  [_thread_blocked, id=11008, stack(0x0000005153500000,0x0000005153600000) (1024K)]
  0x0000017f507f3eb0 JavaThread "pool-53-thread-1"                  [_thread_blocked, id=11028, stack(0x0000005152500000,0x0000005152600000) (1024K)]
  0x0000017f507f9400 JavaThread "pool-51-thread-1"                  [_thread_blocked, id=11080, stack(0x0000005153200000,0x0000005153300000) (1024K)]
  0x0000017f507fa120 JavaThread "pool-52-thread-1"                  [_thread_blocked, id=11092, stack(0x0000005153300000,0x0000005153400000) (1024K)]
  0x0000017f475818b0 JavaThread "pool-54-thread-1"                  [_thread_blocked, id=11132, stack(0x0000005154000000,0x0000005154100000) (1024K)]
  0x0000017f507ef680 JavaThread "pool-55-thread-1"                  [_thread_blocked, id=11208, stack(0x0000005149900000,0x0000005149a00000) (1024K)]
  0x0000017f507f0a30 JavaThread "pool-58-thread-1"                  [_thread_blocked, id=10340, stack(0x000000514ef00000,0x000000514f000000) (1024K)]
  0x0000017f507efd10 JavaThread "pool-59-thread-1"                  [_thread_blocked, id=11260, stack(0x0000005149d00000,0x0000005149e00000) (1024K)]
  0x0000017f507f03a0 JavaThread "pool-56-thread-1"                  [_thread_blocked, id=10348, stack(0x000000514f800000,0x000000514f900000) (1024K)]
  0x0000017f507ed5b0 JavaThread "pool-60-thread-1"                  [_thread_blocked, id=3736, stack(0x0000005152900000,0x0000005152a00000) (1024K)]
  0x0000017f507f5f80 JavaThread "pool-57-thread-1"                  [_thread_blocked, id=10252, stack(0x000000514a200000,0x000000514a300000) (1024K)]
  0x0000017f4757f7e0 JavaThread "Connection worker"                 [_thread_blocked, id=10608, stack(0x000000514d700000,0x000000514d800000) (1024K)]
  0x0000017f47583980 JavaThread "Connection worker"                 [_thread_blocked, id=10684, stack(0x0000005149b00000,0x0000005149c00000) (1024K)]
  0x0000017f47584d30 JavaThread "pool-61-thread-1"                  [_thread_blocked, id=10800, stack(0x000000514a400000,0x000000514a500000) (1024K)]
  0x0000017f475825d0 JavaThread "Connection worker"                 [_thread_blocked, id=3260, stack(0x0000005148f00000,0x0000005149000000) (1024K)]
  0x0000017f507ecf20 JavaThread "pool-62-thread-1"                  [_thread_blocked, id=10912, stack(0x0000005150700000,0x0000005150800000) (1024K)]
  0x0000017f4508b5f0 JavaThread "pool-63-thread-1"                  [_thread_blocked, id=11040, stack(0x0000005152600000,0x0000005152700000) (1024K)]
  0x0000017f507f10c0 JavaThread "Timer-62"                          [_thread_blocked, id=11072, stack(0x0000005152f00000,0x0000005153000000) (1024K)]
  0x0000017f45089bb0 JavaThread "Timer-63"                          [_thread_blocked, id=8812, stack(0x000000514fa00000,0x000000514fb00000) (1024K)]
  0x0000017f47581220 JavaThread "Connection worker"                 [_thread_blocked, id=10928, stack(0x0000005149200000,0x0000005149300000) (1024K)]
  0x0000017f4853cec0 JavaThread "Connection worker"                 [_thread_blocked, id=10884, stack(0x000000514a800000,0x000000514a900000) (1024K)]
  0x0000017f4508c9a0 JavaThread "Worker-155: Initialize workspace"        [_thread_blocked, id=10888, stack(0x0000005153d00000,0x0000005153e00000) (1024K)]
  0x0000017f465aeae0 JavaThread "pool-64-thread-1"                  [_thread_blocked, id=10352, stack(0x0000005154800000,0x0000005154900000) (1024K)]
  0x0000017f465b3310 JavaThread "pool-65-thread-1"                  [_thread_blocked, id=8716, stack(0x0000005149100000,0x0000005149200000) (1024K)]
  0x0000017f465b39a0 JavaThread "Timer-64"                          [_thread_blocked, id=2276, stack(0x0000005154a00000,0x0000005154b00000) (1024K)]
  0x0000017f465b4d50 JavaThread "Worker-157: Initialize workspace"        [_thread_blocked, id=11300, stack(0x0000005154b00000,0x0000005154c00000) (1024K)]
  0x0000017f465ba930 JavaThread "Timer-65"                          [_thread_blocked, id=11476, stack(0x0000005155800000,0x0000005155900000) (1024K)]
  0x0000017f465b53e0 JavaThread "Worker-160: Initialize workspace"        [_thread_blocked, id=11560, stack(0x0000005155500000,0x0000005155600000) (1024K)]
  0x0000017f465b7b40 JavaThread "Timer-66"                          [_thread_blocked, id=11796, stack(0x0000005155e00000,0x0000005155f00000) (1024K)]
  0x0000017f465ad730 JavaThread "Worker-164: Initialize workspace"        [_thread_blocked, id=11932, stack(0x0000005155700000,0x0000005155800000) (1024K)]
  0x0000017f465b8860 JavaThread "Connection worker"                 [_thread_blocked, id=11288, stack(0x0000005155f00000,0x0000005156000000) (1024K)]
  0x0000017f465afe90 JavaThread "pool-66-thread-1"                  [_thread_blocked, id=12140, stack(0x0000005152c00000,0x0000005152d00000) (1024K)]
  0x0000017f465b8ef0 JavaThread "Worker-166: Initialize workspace"        [_thread_blocked, id=11800, stack(0x0000005156000000,0x0000005156100000) (1024K)]
  0x0000017f465bafc0 JavaThread "Connection worker"                 [_thread_blocked, id=11776, stack(0x0000005155900000,0x0000005155a00000) (1024K)]
  0x0000017f465bca00 JavaThread "Connection worker"                 [_thread_blocked, id=2096, stack(0x0000005156700000,0x0000005156800000) (1024K)]
  0x0000017f465bbce0 JavaThread "pool-67-thread-1"                  [_thread_blocked, id=12428, stack(0x0000005156500000,0x0000005156600000) (1024K)]
  0x0000017f4819c3f0 JavaThread "pool-68-thread-1"                  [_thread_blocked, id=12560, stack(0x0000005156900000,0x0000005156a00000) (1024K)]
  0x0000017f507f3190 JavaThread "Timer-67"                          [_thread_blocked, id=12676, stack(0x0000005156c00000,0x0000005156d00000) (1024K)]
  0x0000017f509d7d00 JavaThread "Connection worker"                 [_thread_blocked, id=12944, stack(0x0000005156e00000,0x0000005156f00000) (1024K)]
  0x0000017f509dcbc0 JavaThread "pool-69-thread-1"                  [_thread_blocked, id=13020, stack(0x0000005157200000,0x0000005157300000) (1024K)]
  0x0000017f509db180 JavaThread "Timer-68"                          [_thread_blocked, id=13024, stack(0x0000005157300000,0x0000005157400000) (1024K)]
  0x0000017f509dd8e0 JavaThread "Exec process"                      [_thread_in_native, id=13040, stack(0x0000005157500000,0x0000005157600000) (1024K)]
  0x0000017f509d8a20 JavaThread "Connection worker"                 [_thread_blocked, id=13380, stack(0x0000005157100000,0x0000005157200000) (1024K)]
  0x0000017f509de600 JavaThread "Worker-173: Initialize workspace"        [_thread_blocked, id=13476, stack(0x0000005157400000,0x0000005157500000) (1024K)]
  0x0000017f509d7670 JavaThread "pool-70-thread-1"                  [_thread_blocked, id=13616, stack(0x0000005157c00000,0x0000005157d00000) (1024K)]
  0x0000017f509df9b0 JavaThread "Timer-69"                          [_thread_blocked, id=13632, stack(0x0000005157f00000,0x0000005158000000) (1024K)]
  0x0000017f509e1a80 JavaThread "Worker-175: Initialize workspace"        [_thread_blocked, id=13880, stack(0x0000005157a00000,0x0000005157b00000) (1024K)]
  0x0000017f509d90b0 JavaThread "Timer-70"                          [_thread_blocked, id=14144, stack(0x0000005159300000,0x0000005159400000) (1024K)]
  0x0000017f509e2110 JavaThread "Worker-179: Initialize workspace"        [_thread_blocked, id=13016, stack(0x0000005158100000,0x0000005158200000) (1024K)]
  0x0000017f509e0040 JavaThread "Connection worker"                 [_thread_blocked, id=13268, stack(0x0000005158400000,0x0000005158500000) (1024K)]
  0x0000017f509ea450 JavaThread "pool-71-thread-1"                  [_thread_blocked, id=14436, stack(0x0000005159700000,0x0000005159800000) (1024K)]
  0x0000017f509ebe90 JavaThread "Timer-71"                          [_thread_blocked, id=14608, stack(0x0000005156f00000,0x0000005157000000) (1024K)]
  0x0000017f509e8a10 JavaThread "Worker-182: Initialize workspace"        [_thread_blocked, id=14944, stack(0x0000005159900000,0x0000005159a00000) (1024K)]
  0x0000017f509eb170 JavaThread "Timer-72"                          [_thread_blocked, id=15348, stack(0x0000005159d00000,0x0000005159e00000) (1024K)]
  0x0000017f509e6fd0 JavaThread "Worker-185: Initialize workspace"        [_thread_blocked, id=15388, stack(0x0000005149600000,0x0000005149700000) (1024K)]
  0x0000017f509ee5f0 JavaThread "Connection worker"                 [_thread_blocked, id=15676, stack(0x0000005158b00000,0x0000005158c00000) (1024K)]
  0x0000017f509eb800 JavaThread "Connection worker"                 [_thread_blocked, id=15692, stack(0x0000005159f00000,0x000000515a000000) (1024K)]
  0x0000017f509ed240 JavaThread "Connection worker"                 [_thread_blocked, id=15840, stack(0x000000515a000000,0x000000515a100000) (1024K)]
  0x0000017f509eec80 JavaThread "pool-72-thread-1"                  [_thread_blocked, id=8988, stack(0x0000005141a00000,0x0000005141b00000) (1024K)]
  0x0000017f509ef310 JavaThread "pool-73-thread-1"                  [_thread_blocked, id=3428, stack(0x000000515a300000,0x000000515a400000) (1024K)]
  0x0000017f509eaae0 JavaThread "pool-74-thread-1"                  [_thread_blocked, id=4972, stack(0x000000515a400000,0x000000515a500000) (1024K)]
  0x0000017f509f0030 JavaThread "Timer-73"                          [_thread_blocked, id=8076, stack(0x000000515a600000,0x000000515a700000) (1024K)]
  0x0000017f509f06c0 JavaThread "Worker-191: Initialize workspace"        [_thread_blocked, id=10304, stack(0x000000515a700000,0x000000515a800000) (1024K)]
  0x0000017f509f0d50 JavaThread "Worker-193: Initialize workspace"        [_thread_blocked, id=16628, stack(0x0000005159a00000,0x0000005159b00000) (1024K)]
  0x0000017f509f41d0 JavaThread "Connection worker"                 [_thread_blocked, id=16632, stack(0x000000515ac00000,0x000000515ad00000) (1024K)]
  0x0000017f509f34b0 JavaThread "pool-75-thread-1"                  [_thread_blocked, id=16700, stack(0x000000515b300000,0x000000515b400000) (1024K)]
  0x0000017f4757e430 JavaThread "Timer-74"                          [_thread_blocked, id=16812, stack(0x000000515b500000,0x000000515b600000) (1024K)]
  0x0000017f47a36a40 JavaThread "Connection worker"                 [_thread_blocked, id=17076, stack(0x000000515b200000,0x000000515b300000) (1024K)]
  0x0000017f47a342e0 JavaThread "pool-76-thread-1"                  [_thread_blocked, id=17400, stack(0x0000005149a00000,0x0000005149b00000) (1024K)]
  0x0000017f47a1d9f0 JavaThread "Timer-75"                          [_thread_blocked, id=15944, stack(0x000000514ae00000,0x000000514af00000) (1024K)]
  0x0000017f47a34970 JavaThread "Worker-203: Initialize workspace"        [_thread_blocked, id=16808, stack(0x0000005149e00000,0x0000005149f00000) (1024K)]
  0x0000017f47a37760 JavaThread "Connection worker"                 [_thread_blocked, id=10488, stack(0x000000514a300000,0x000000514a400000) (1024K)]
  0x0000017f47a1d360 JavaThread "pool-77-thread-1"                  [_thread_blocked, id=10996, stack(0x0000005152b00000,0x0000005152c00000) (1024K)]
  0x0000017f47a1a570 JavaThread "Timer-76"                          [_thread_blocked, id=11088, stack(0x0000005153700000,0x0000005153800000) (1024K)]
  0x0000017f47a1e710 JavaThread "Worker-211: Initialize workspace"        [_thread_blocked, id=3448, stack(0x0000005152a00000,0x0000005152b00000) (1024K)]
  0x0000017f47a1b290 JavaThread "Connection worker"                 [_thread_blocked, id=13188, stack(0x0000005153a00000,0x0000005153b00000) (1024K)]
  0x0000017f47a207e0 JavaThread "pool-78-thread-1"                  [_thread_blocked, id=13568, stack(0x0000005152d00000,0x0000005152e00000) (1024K)]
  0x0000017f47a1eda0 JavaThread "Timer-77"                          [_thread_blocked, id=14184, stack(0x0000005152800000,0x0000005152900000) (1024K)]
  0x0000017f47a1c640 JavaThread "Worker-219: Initialize workspace"        [_thread_blocked, id=14312, stack(0x0000005153f00000,0x0000005154000000) (1024K)]
  0x0000017f47a19850 JavaThread "Connection worker"                 [_thread_blocked, id=14444, stack(0x0000005152e00000,0x0000005152f00000) (1024K)]
  0x0000017f47a1bfb0 JavaThread "pool-79-thread-1"                  [_thread_blocked, id=10392, stack(0x0000005153b00000,0x0000005153c00000) (1024K)]
  0x0000017f47a19ee0 JavaThread "Timer-78"                          [_thread_blocked, id=14716, stack(0x0000005154900000,0x0000005154a00000) (1024K)]
  0x0000017f47a21b90 JavaThread "Worker-226: Initialize workspace"        [_thread_blocked, id=11568, stack(0x0000005154500000,0x0000005154600000) (1024K)]
  0x0000017f47a25d30 JavaThread "Connection worker"                 [_thread_blocked, id=15500, stack(0x000000514f400000,0x000000514f500000) (1024K)]
  0x0000017f47a25010 JavaThread "pool-80-thread-1"                  [_thread_blocked, id=5880, stack(0x0000005154700000,0x0000005154800000) (1024K)]
  0x0000017f47a235d0 JavaThread "Timer-79"                          [_thread_blocked, id=14240, stack(0x0000005155000000,0x0000005155100000) (1024K)]
  0x0000017f47a228b0 JavaThread "Worker-231: Initialize workspace"        [_thread_blocked, id=17576, stack(0x0000005154300000,0x0000005154400000) (1024K)]
  0x0000017f47a22f40 JavaThread "Connection worker"                 [_thread_blocked, id=17880, stack(0x0000005154f00000,0x0000005155000000) (1024K)]
  0x0000017f47a263c0 JavaThread "pool-81-thread-1"                  [_thread_blocked, id=17912, stack(0x0000005154c00000,0x0000005154d00000) (1024K)]
  0x0000017f47a21500 JavaThread "Timer-80"                          [_thread_blocked, id=17972, stack(0x0000005155300000,0x0000005155400000) (1024K)]
  0x0000017f47a22220 JavaThread "Worker-238: Initialize workspace"        [_thread_blocked, id=18044, stack(0x0000005155100000,0x0000005155200000) (1024K)]
  0x0000017f47a26a50 JavaThread "Connection worker"                 [_thread_blocked, id=18164, stack(0x0000005154e00000,0x0000005154f00000) (1024K)]
  0x0000017f47a20e70 JavaThread "pool-82-thread-1"                  [_thread_blocked, id=18188, stack(0x0000005149c00000,0x0000005149d00000) (1024K)]
  0x0000017f47a29ed0 JavaThread "Timer-81"                          [_thread_blocked, id=18268, stack(0x0000005155200000,0x0000005155300000) (1024K)]
  0x0000017f47a23c60 JavaThread "Worker-248: Initialize workspace"        [_thread_blocked, id=1808, stack(0x0000005141e00000,0x0000005141f00000) (1024K)]
  0x0000017f47a242f0 JavaThread "Connection worker"                 [_thread_blocked, id=17968, stack(0x000000514a500000,0x000000514a600000) (1024K)]
  0x0000017f47a24980 JavaThread "pool-83-thread-1"                  [_thread_blocked, id=7348, stack(0x0000005153600000,0x0000005153700000) (1024K)]
  0x0000017f47a2b280 JavaThread "Timer-82"                          [_thread_blocked, id=18264, stack(0x0000005154600000,0x0000005154700000) (1024K)]
  0x0000017f47a27770 JavaThread "Worker-255: Initialize workspace"        [_thread_blocked, id=15952, stack(0x0000005155600000,0x0000005155700000) (1024K)]
  0x0000017f47a270e0 JavaThread "Connection worker"                 [_thread_blocked, id=9248, stack(0x0000005155a00000,0x0000005155b00000) (1024K)]
  0x0000017f47a2b910 JavaThread "Timer-83"                          [_thread_blocked, id=16080, stack(0x0000005155d00000,0x0000005155e00000) (1024K)]
  0x0000017f47a256a0 JavaThread "pool-84-thread-1"                  [_thread_blocked, id=10416, stack(0x0000005153100000,0x0000005153200000) (1024K)]
  0x0000017f47a2bfa0 JavaThread "Worker-263: Initialize workspace"        [_thread_blocked, id=7180, stack(0x0000005155b00000,0x0000005155c00000) (1024K)]
  0x0000017f47a20150 JavaThread "Connection worker"                 [_thread_blocked, id=5964, stack(0x0000005154400000,0x0000005154500000) (1024K)]
  0x0000017f47a2ccc0 JavaThread "Timer-84"                          [_thread_blocked, id=7048, stack(0x0000005156100000,0x0000005156200000) (1024K)]
  0x0000017f47a2d350 JavaThread "Worker-270: Initialize workspace"        [_thread_blocked, id=9120, stack(0x0000005155c00000,0x0000005155d00000) (1024K)]
  0x0000017f47a1fac0 JavaThread "pool-85-thread-1"                  [_thread_blocked, id=14288, stack(0x000000514fe00000,0x000000514ff00000) (1024K)]
  0x0000017f47a2a560 JavaThread "Connection worker"                 [_thread_blocked, id=13292, stack(0x0000005156300000,0x0000005156400000) (1024K)]
  0x0000017f47a38480 JavaThread "Timer-85"                          [_thread_blocked, id=16084, stack(0x0000005156600000,0x0000005156700000) (1024K)]
  0x0000017f47a35000 JavaThread "pool-86-thread-1"                  [_thread_blocked, id=2132, stack(0x0000005156800000,0x0000005156900000) (1024K)]
  0x0000017f47a363b0 JavaThread "Worker-277: Initialize workspace"        [_thread_blocked, id=4800, stack(0x0000005148c00000,0x0000005148d00000) (1024K)]
  0x0000017f47a28b20 JavaThread "Connection worker"                 [_thread_blocked, id=18460, stack(0x0000005156400000,0x0000005156500000) (1024K)]
  0x0000017f47a2d9e0 JavaThread "Timer-86"                          [_thread_blocked, id=18484, stack(0x0000005156d00000,0x0000005156e00000) (1024K)]
  0x0000017f47a2e700 JavaThread "Worker-284: Initialize workspace"        [_thread_blocked, id=18528, stack(0x0000005156a00000,0x0000005156b00000) (1024K)]
  0x0000017f47a27e00 JavaThread "pool-87-thread-1"                  [_thread_blocked, id=18596, stack(0x0000005156b00000,0x0000005156c00000) (1024K)]
  0x0000017f47a2e070 JavaThread "Connection worker"                 [_thread_blocked, id=18664, stack(0x0000005153c00000,0x0000005153d00000) (1024K)]
  0x0000017f47a2f420 JavaThread "pool-88-thread-1"                  [_thread_blocked, id=18684, stack(0x0000005156200000,0x0000005156300000) (1024K)]
  0x0000017f47a2fab0 JavaThread "Timer-87"                          [_thread_blocked, id=18712, stack(0x0000005157800000,0x0000005157900000) (1024K)]
  0x0000017f47a30140 JavaThread "Worker-294: Initialize workspace"        [_thread_blocked, id=18848, stack(0x0000005154100000,0x0000005154200000) (1024K)]
  0x0000017f47a2ed90 JavaThread "Connection worker"                 [_thread_blocked, id=18904, stack(0x0000005152700000,0x0000005152800000) (1024K)]
  0x0000017f47a307d0 JavaThread "pool-89-thread-1"                  [_thread_blocked, id=18940, stack(0x0000005157700000,0x0000005157800000) (1024K)]
  0x0000017f47a30e60 JavaThread "Timer-88"                          [_thread_blocked, id=19036, stack(0x0000005157d00000,0x0000005157e00000) (1024K)]
  0x0000017f47a29840 JavaThread "Worker-303: Initialize workspace"        [_thread_blocked, id=19104, stack(0x0000005157e00000,0x0000005157f00000) (1024K)]
  0x0000017f47a314f0 JavaThread "Connection worker"                 [_thread_blocked, id=19108, stack(0x0000005158000000,0x0000005158100000) (1024K)]
  0x0000017f47a31b80 JavaThread "pool-90-thread-1"                  [_thread_blocked, id=19140, stack(0x0000005158200000,0x0000005158300000) (1024K)]
  0x0000017f47a32f30 JavaThread "Timer-89"                          [_thread_blocked, id=19168, stack(0x0000005158600000,0x0000005158700000) (1024K)]
  0x0000017f47a328a0 JavaThread "Worker-307: Initialize workspace"        [_thread_blocked, id=19208, stack(0x0000005158500000,0x0000005158600000) (1024K)]
  0x0000017f47a2abf0 JavaThread "Connection worker"                 [_thread_blocked, id=19248, stack(0x0000005157b00000,0x0000005157c00000) (1024K)]
  0x0000017f47a38b10 JavaThread "pool-91-thread-1"                  [_thread_blocked, id=19292, stack(0x0000005158300000,0x0000005158400000) (1024K)]
  0x0000017f47a370d0 JavaThread "Timer-90"                          [_thread_blocked, id=19296, stack(0x0000005158800000,0x0000005158900000) (1024K)]
  0x0000017f47a33c50 JavaThread "Worker-312: Initialize workspace"        [_thread_blocked, id=19304, stack(0x0000005158c00000,0x0000005158d00000) (1024K)]
  0x0000017f47a1ccd0 JavaThread "Connection worker"                 [_thread_blocked, id=19388, stack(0x0000005154200000,0x0000005154300000) (1024K)]
  0x0000017f47a1ac00 JavaThread "pool-92-thread-1"                  [_thread_blocked, id=19400, stack(0x000000514a000000,0x000000514a100000) (1024K)]
  0x0000017f47a335c0 JavaThread "Timer-91"                          [_thread_blocked, id=19404, stack(0x0000005153800000,0x0000005153900000) (1024K)]
  0x0000017f509f2790 JavaThread "Connection worker"                 [_thread_blocked, id=14484, stack(0x0000005158900000,0x0000005158a00000) (1024K)]
  0x0000017f509f2e20 JavaThread "pool-93-thread-1"                  [_thread_blocked, id=17328, stack(0x0000005149800000,0x0000005149900000) (1024K)]
  0x0000017f509f5580 JavaThread "Worker-320: Initialize workspace"        [_thread_blocked, id=18592, stack(0x0000005158700000,0x0000005158800000) (1024K)]
  0x0000017f509d8390 JavaThread "Timer-92"                          [_thread_blocked, id=8316, stack(0x0000005158e00000,0x0000005158f00000) (1024K)]
  0x0000017f509db810 JavaThread "Worker-326: Initialize workspace"        [_thread_blocked, id=12452, stack(0x0000005158d00000,0x0000005158e00000) (1024K)]
  0x0000017f509dbea0 JavaThread "Connection worker"                 [_thread_blocked, id=13288, stack(0x0000005158f00000,0x0000005159000000) (1024K)]
  0x0000017f509dd250 JavaThread "Timer-93"                          [_thread_blocked, id=10128, stack(0x0000005159600000,0x0000005159700000) (1024K)]
  0x0000017f509df320 JavaThread "pool-94-thread-1"                  [_thread_blocked, id=10320, stack(0x0000005159b00000,0x0000005159c00000) (1024K)]
  0x0000017f509d6fe0 JavaThread "Worker-332: Initialize workspace"        [_thread_blocked, id=11228, stack(0x0000005159400000,0x0000005159500000) (1024K)]
  0x0000017f509e06d0 JavaThread "Connection worker"                 [_thread_blocked, id=6448, stack(0x0000005159c00000,0x0000005159d00000) (1024K)]
  0x0000017f509e0d60 JavaThread "Timer-94"                          [_thread_blocked, id=19052, stack(0x000000515a100000,0x000000515a200000) (1024K)]
  0x0000017f509e27a0 JavaThread "pool-95-thread-1"                  [_thread_blocked, id=19080, stack(0x0000005158a00000,0x0000005158b00000) (1024K)]
  0x0000017f509d9740 JavaThread "Worker-339: Initialize workspace"        [_thread_blocked, id=18472, stack(0x0000005159800000,0x0000005159900000) (1024K)]
  0x0000017f509dc530 JavaThread "Connection worker"                 [_thread_blocked, id=8416, stack(0x000000515a800000,0x000000515a900000) (1024K)]
  0x0000017f509e4f00 JavaThread "pool-96-thread-1"                  [_thread_blocked, id=9428, stack(0x000000515aa00000,0x000000515ab00000) (1024K)]
  0x0000017f509d9dd0 JavaThread "Timer-95"                          [_thread_blocked, id=9432, stack(0x000000515ab00000,0x000000515ac00000) (1024K)]
  0x0000017f509e2e30 JavaThread "Worker-347: Initialize workspace"        [_thread_blocked, id=14056, stack(0x0000005159e00000,0x0000005159f00000) (1024K)]
  0x0000017f509ddf70 JavaThread "Timer-96"                          [_thread_blocked, id=18672, stack(0x0000005159000000,0x0000005159100000) (1024K)]
  0x0000017f509dec90 JavaThread "Worker-349: Initialize workspace"        [_thread_blocked, id=14324, stack(0x0000005149400000,0x0000005149500000) (1024K)]
  0x0000017f509e7660 JavaThread "Connection worker"                 [_thread_blocked, id=18680, stack(0x0000005159500000,0x0000005159600000) (1024K)]
  0x0000017f509e7cf0 JavaThread "Worker-353: Initialize workspace"        [_thread_blocked, id=11372, stack(0x000000515a200000,0x000000515a300000) (1024K)]
  0x0000017f509da460 JavaThread "Connection worker"                 [_thread_blocked, id=18696, stack(0x000000514fb00000,0x000000514fc00000) (1024K)]
  0x0000017f509e41e0 JavaThread "Timer-97"                          [_thread_blocked, id=11532, stack(0x000000515a500000,0x000000515a600000) (1024K)]
  0x0000017f509f3b40 JavaThread "pool-97-thread-1"                  [_thread_blocked, id=18984, stack(0x0000005153400000,0x0000005153500000) (1024K)]
  0x0000017f509f4860 JavaThread "pool-98-thread-1"                  [_thread_blocked, id=19452, stack(0x000000515ad00000,0x000000515ae00000) (1024K)]
  0x0000017f509e5590 JavaThread "Timer-98"                          [_thread_blocked, id=13972, stack(0x0000005153e00000,0x0000005153f00000) (1024K)]
  0x0000017f509e62b0 JavaThread "Worker-363: Initialize workspace"        [_thread_blocked, id=10088, stack(0x000000515af00000,0x000000515b000000) (1024K)]
  0x0000017f509e8380 JavaThread "Connection worker"                 [_thread_blocked, id=17236, stack(0x000000515b000000,0x000000515b100000) (1024K)]
  0x0000017f509e4870 JavaThread "pool-99-thread-1"                  [_thread_blocked, id=13708, stack(0x000000515ae00000,0x000000515af00000) (1024K)]
  0x0000017f509ec520 JavaThread "Timer-99"                          [_thread_blocked, id=6344, stack(0x000000515b100000,0x000000515b200000) (1024K)]
  0x0000017f509e6940 JavaThread "Worker-373: Initialize workspace"        [_thread_blocked, id=15492, stack(0x000000514ec00000,0x000000514ed00000) (1024K)]
  0x0000017f509e9730 JavaThread "Timer-100"                         [_thread_blocked, id=10036, stack(0x0000005149f00000,0x000000514a000000) (1024K)]
  0x0000017f509ecbb0 JavaThread "Connection worker"                 [_thread_blocked, id=19148, stack(0x000000515a900000,0x000000515aa00000) (1024K)]
  0x0000017f509e3b50 JavaThread "Connection worker"                 [_thread_blocked, id=10328, stack(0x000000514f200000,0x000000514f300000) (1024K)]
  0x0000017f509e5c20 JavaThread "Worker-377: Initialize workspace"        [_thread_blocked, id=19180, stack(0x0000005154d00000,0x0000005154e00000) (1024K)]
  0x0000017f509edf60 JavaThread "Connection worker"                 [_thread_blocked, id=19300, stack(0x000000515b700000,0x000000515b800000) (1024K)]
  0x0000017f509f62a0 JavaThread "pool-100-thread-1"                 [_thread_blocked, id=12504, stack(0x000000515b900000,0x000000515ba00000) (1024K)]
  0x0000017f509f13e0 JavaThread "Connection worker"                 [_thread_blocked, id=18608, stack(0x000000515ba00000,0x000000515bb00000) (1024K)]
  0x0000017f509f2100 JavaThread "Timer-101"                         [_thread_blocked, id=14160, stack(0x000000515bc00000,0x000000515bd00000) (1024K)]
  0x0000017f509f4ef0 JavaThread "pool-101-thread-1"                 [_thread_blocked, id=11384, stack(0x000000515b800000,0x000000515b900000) (1024K)]
  0x0000017f509ef9a0 JavaThread "pool-102-thread-1"                 [_thread_blocked, id=14284, stack(0x000000515be00000,0x000000515bf00000) (1024K)]
  0x0000017f465ae450 JavaThread "Worker-385: Initialize workspace"        [_thread_blocked, id=17184, stack(0x000000515bb00000,0x000000515bc00000) (1024K)]
  0x0000017f465b6100 JavaThread "Connection worker"                 [_thread_blocked, id=11452, stack(0x000000515bd00000,0x000000515be00000) (1024K)]
  0x0000017f465b46c0 JavaThread "pool-103-thread-1"                 [_thread_blocked, id=18980, stack(0x000000515c000000,0x000000515c100000) (1024K)]
  0x0000017f465b0bb0 JavaThread "Timer-102"                         [_thread_blocked, id=11572, stack(0x000000515b600000,0x000000515b700000) (1024K)]
  0x0000017f465af800 JavaThread "Connection worker"                 [_thread_blocked, id=18576, stack(0x000000514eb00000,0x000000514ec00000) (1024K)]
  0x0000017f465b5a70 JavaThread "Connection worker"                 [_thread_blocked, id=12916, stack(0x0000005157900000,0x0000005157a00000) (1024K)]
  0x0000017f465b1240 JavaThread "Connection worker"                 [_thread_blocked, id=4948, stack(0x000000514bb00000,0x000000514bc00000) (1024K)]
  0x0000017f465b0520 JavaThread "Worker-395: Initialize workspace"        [_thread_blocked, id=19124, stack(0x000000514b800000,0x000000514b900000) (1024K)]
  0x0000017f465b2c80 JavaThread "Connection worker"                 [_thread_blocked, id=19072, stack(0x000000514be00000,0x000000514bf00000) (1024K)]
  0x0000017f465b18d0 JavaThread "pool-104-thread-1"                 [_thread_blocked, id=11936, stack(0x000000514e800000,0x000000514e900000) (1024K)]
  0x0000017f465b1f60 JavaThread "Timer-103"                         [_thread_blocked, id=17208, stack(0x0000005153900000,0x0000005153a00000) (1024K)]
  0x0000017f465af170 JavaThread "Exec process"                      [_thread_in_native, id=936, stack(0x0000005157000000,0x0000005157100000) (1024K)]
  0x0000017f465b81d0 JavaThread "Exec process"                      [_thread_in_native, id=19260, stack(0x0000005151b00000,0x0000005151c00000) (1024K)]
  0x0000017f465b4030 JavaThread "Exec process"                      [_thread_in_native, id=18788, stack(0x0000005149700000,0x0000005149800000) (1024K)]
  0x0000017f465b6790 JavaThread "Exec process Thread 2"             [_thread_blocked, id=19252, stack(0x0000005157600000,0x0000005157700000) (1024K)]
  0x0000017f465b25f0 JavaThread "Exec process Thread 2"             [_thread_blocked, id=19096, stack(0x0000005159200000,0x0000005159300000) (1024K)]
  0x0000017f465b9580 JavaThread "Exec process Thread 2"             [_thread_blocked, id=19044, stack(0x0000005159100000,0x0000005159200000) (1024K)]
  0x0000017f465b6e20 JavaThread "Exec process"                      [_thread_in_native, id=14356, stack(0x000000515b400000,0x000000515b500000) (1024K)]
  0x0000017f465b74b0 JavaThread "Exec process Thread 2"             [_thread_blocked, id=18704, stack(0x000000515bf00000,0x000000515c000000) (1024K)]
  0x0000017f465addc0 JavaThread "Exec process"                      [_thread_in_native, id=19024, stack(0x0000005155400000,0x0000005155500000) (1024K)]
  0x0000017f465b9c10 JavaThread "Exec process Thread 2"             [_thread_blocked, id=17764, stack(0x000000515c200000,0x000000515c300000) (1024K)]
  0x0000017f465ba2a0 JavaThread "Exec process"                      [_thread_in_native, id=10668, stack(0x000000515c100000,0x000000515c200000) (1024K)]
  0x0000017f465bb650 JavaThread "Exec process"                      [_thread_new, id=18144, stack(0x0000000000000000,0x0000000000000000) (0B)]
  0x0000017f465bc370 JavaThread "Exec process"                      [_thread_new, id=16312, stack(0x0000000000000000,0x0000000000000000) (0B)]
  0x0000017f507f1750 JavaThread "Exec process"                      [_thread_new, id=14520, stack(0x0000000000000000,0x0000000000000000) (0B)]
Total: 448

Other Threads:
  0x0000017f66cfd930 VMThread "VM Thread"                           [id=9020, stack(0x0000005140200000,0x0000005140300000) (1024K)]
  0x0000017f66e98e00 WatcherThread "VM Periodic Task Thread"        [id=8148, stack(0x0000005140100000,0x0000005140200000) (1024K)]
  0x0000017f66e4e360 WorkerThread "GC Thread#0"                     [id=5124, stack(0x0000005140000000,0x0000005140100000) (1024K)]
  0x0000017f7e9c99c0 WorkerThread "GC Thread#1"                     [id=4684, stack(0x0000005140e00000,0x0000005140f00000) (1024K)]
  0x0000017f7e9da8c0 WorkerThread "GC Thread#2"                     [id=3408, stack(0x0000005140f00000,0x0000005141000000) (1024K)]
  0x0000017f7e9dac70 WorkerThread "GC Thread#3"                     [id=6764, stack(0x0000005141000000,0x0000005141100000) (1024K)]
Total: 6

Threads with active compile tasks:
C2 CompilerThread0  245503 14639       4       org.gradle.launcher.daemon.context.DefaultDaemonContext$Serializer::write (255 bytes)
Total: 1

VM state: not at safepoint (normal execution)

VM Mutex/Monitor currently owned by a thread: None

Heap address: 0x0000000080000000, size: 2048 MB, Compressed Oops mode: 32-bit

CDS archive(s) mapped at: [0x0000017f00000000-0x0000017f00ba0000-0x0000017f00ba0000), size 12189696, SharedBaseAddress: 0x0000017f00000000, ArchiveRelocationMode: 1.
Compressed class space mapped at: 0x0000017f01000000-0x0000017f41000000, reserved size: 1073741824
Narrow klass base: 0x0000017f00000000, Narrow klass shift: 0, Narrow klass range: 0x100000000

GC Precious Log:
 CardTable entry size: 512
 CPUs: 4 total, 4 available
 Memory: 8078M
 Large Page Support: Disabled
 NUMA Support: Disabled
 Compressed Oops: Enabled (32-bit)
 Alignments: Space 512K, Generation 512K, Heap 2M
 Heap Min Capacity: 100M
 Heap Initial Capacity: 100M
 Heap Max Capacity: 2G
 Pre-touch: Disabled
 Parallel Workers: 4

Heap:
 PSYoungGen      total 3072K, used 2832K [0x00000000d5580000, 0x00000000d5b00000, 0x0000000100000000)
  eden space 2560K, 90% used [0x00000000d5580000,0x00000000d57c4060,0x00000000d5800000)
  from space 512K, 100% used [0x00000000d5980000,0x00000000d5a00000,0x00000000d5a00000)
  to   space 1536K, 0% used [0x00000000d5800000,0x00000000d5800000,0x00000000d5980000)
 ParOldGen       total 107520K, used 84506K [0x0000000080000000, 0x0000000086900000, 0x00000000d5580000)
  object space 107520K, 78% used [0x0000000080000000,0x0000000085286a78,0x0000000086900000)
 Metaspace       used 69152K, committed 70784K, reserved 1114112K
  class space    used 7728K, committed 8448K, reserved 1048576K

Card table byte_map: [0x0000017f667d0000,0x0000017f66be0000] _byte_map_base: 0x0000017f663d0000

Marking Bits: (ParMarkBitMap*) 0x00007ffa2dff44a0
 Begin Bits: [0x0000017f792e0000, 0x0000017f7b2e0000)
 End Bits:   [0x0000017f7b2e0000, 0x0000017f7d2e0000)

Polling page: 0x0000017f64ca0000

Metaspace:

Usage:
  Non-class:     59.98 MB used.
      Class:      7.55 MB used.
       Both:     67.53 MB used.

Virtual space:
  Non-class space:       64.00 MB reserved,      60.88 MB ( 95%) committed,  1 nodes.
      Class space:        1.00 GB reserved,       8.25 MB ( <1%) committed,  1 nodes.
             Both:        1.06 GB reserved,      69.12 MB (  6%) committed. 

Chunk freelists:
   Non-Class:  2.99 MB
       Class:  7.73 MB
        Both:  10.72 MB

MaxMetaspaceSize: unlimited
CompressedClassSpaceSize: 1.00 GB
Initial GC threshold: 21.00 MB
Current GC threshold: 115.25 MB
CDS: on
 - commit_granule_bytes: 65536.
 - commit_granule_words: 8192.
 - virtual_space_node_default_size: 8388608.
 - enlarge_chunks_in_place: 1.
 - use_allocation_guard: 0.


Internal statistics:

num_allocs_failed_limit: 9.
num_arena_births: 1390.
num_arena_deaths: 196.
num_vsnodes_births: 2.
num_vsnodes_deaths: 0.
num_space_committed: 1106.
num_space_uncommitted: 0.
num_chunks_returned_to_freelist: 269.
num_chunks_taken_from_freelist: 4326.
num_chunk_merges: 123.
num_chunk_splits: 2700.
num_chunks_enlarged: 1580.
num_inconsistent_stats: 0.

CodeHeap 'non-profiled nmethods': size=120000Kb used=11426Kb max_used=12426Kb free=108573Kb
 bounds [0x0000017f71b00000, 0x0000017f72730000, 0x0000017f79030000]
CodeHeap 'profiled nmethods': size=120000Kb used=27255Kb max_used=30368Kb free=92744Kb
 bounds [0x0000017f6a030000, 0x0000017f6bde0000, 0x0000017f71560000]
CodeHeap 'non-nmethods': size=5760Kb used=1434Kb max_used=1546Kb free=4325Kb
 bounds [0x0000017f71560000, 0x0000017f717d0000, 0x0000017f71b00000]
CodeCache: size=245760Kb, used=40115Kb, max_used=44340Kb, free=205642Kb
 total_blobs=13531, nmethods=12783, adapters=654, full_count=0
Compilation: enabled, stopped_count=0, restarted_count=0

Compilation events (20 events):
Event: 245.236 Thread 0x0000017f66d96510 nmethod 14629 0x0000017f6a0c2510 code [0x0000017f6a0c26c0, 0x0000017f6a0c28c8]
Event: 245.237 Thread 0x0000017f66d96510 14630       3       org.gradle.internal.operations.OperationIdentifier::hashCode (14 bytes)
Event: 245.237 Thread 0x0000017f66d96510 nmethod 14630 0x0000017f6a05f510 code [0x0000017f6a05f6a0, 0x0000017f6a05f7c0]
Event: 245.245 Thread 0x0000017f66d254a0 14631       4       com.esotericsoftware.kryo.io.Output::require (209 bytes)
Event: 245.248 Thread 0x0000017f66d254a0 nmethod 14631 0x0000017f71b9b710 code [0x0000017f71b9b8c0, 0x0000017f71b9bcf8]
Event: 245.289 Thread 0x0000017f66d96510 14632       3       java.nio.channels.spi.AbstractInterruptibleChannel::begin (48 bytes)
Event: 245.289 Thread 0x0000017f66d96510 nmethod 14632 0x0000017f6a19e110 code [0x0000017f6a19e300, 0x0000017f6a19e8d8]
Event: 245.302 Thread 0x0000017f66d96510 14633   !   3       org.gradle.internal.event.AbstractBroadcastDispatch::dispatch (74 bytes)
Event: 245.303 Thread 0x0000017f66d96510 nmethod 14633 0x0000017f6a2fa110 code [0x0000017f6a2fa3e0, 0x0000017f6a2fb2c8]
Event: 245.306 Thread 0x0000017f66d96510 14634       3       org.gradle.internal.dispatch.ReflectionDispatch::dispatch (9 bytes)
Event: 245.306 Thread 0x0000017f66d96510 nmethod 14634 0x0000017f6a26fa90 code [0x0000017f6a26fc60, 0x0000017f6a26ff28]
Event: 245.307 Thread 0x0000017f66d254a0 14635       4       com.esotericsoftware.kryo.io.Output::writeUtf8Length (405 bytes)
Event: 245.312 Thread 0x0000017f66d254a0 nmethod 14635 0x0000017f71ecfd10 code [0x0000017f71ecfee0, 0x0000017f71ed04e0]
Event: 245.316 Thread 0x0000017f66d254a0 14636       4       org.gradle.internal.serialize.kryo.KryoBackedEncoder::writeString (23 bytes)
Event: 245.320 Thread 0x0000017f66d254a0 nmethod 14636 0x0000017f71edac10 code [0x0000017f71edade0, 0x0000017f71edb1a0]
Event: 245.322 Thread 0x0000017f66d96510 14637       3       org.gradle.internal.time.ExponentialBackoff::of (22 bytes)
Event: 245.322 Thread 0x0000017f66d96510 nmethod 14637 0x0000017f6a1ebb90 code [0x0000017f6a1ebd80, 0x0000017f6a1ec1b8]
Event: 245.324 Thread 0x0000017f66d96510 14638       3       org.gradle.internal.time.ExponentialBackoff::<init> (35 bytes)
Event: 245.324 Thread 0x0000017f66d96510 nmethod 14638 0x0000017f6a2eae90 code [0x0000017f6a2eb060, 0x0000017f6a2eb380]
Event: 245.326 Thread 0x0000017f66d254a0 14639       4       org.gradle.launcher.daemon.context.DefaultDaemonContext$Serializer::write (255 bytes)

GC Heap History (20 events):
Event: 243.769 GC heap before
{Heap before GC invocations=1825 (full 4):
 PSYoungGen      total 2560K, used 2304K [0x00000000d5580000, 0x00000000d5a00000, 0x0000000100000000)
  eden space 2048K, 100% used [0x00000000d5580000,0x00000000d5780000,0x00000000d5780000)
  from space 512K, 50% used [0x00000000d5980000,0x00000000d59c0020,0x00000000d5a00000)
  to   space 512K, 0% used [0x00000000d5780000,0x00000000d5780000,0x00000000d5800000)
 ParOldGen       total 107520K, used 79550K [0x0000000080000000, 0x0000000086900000, 0x00000000d5580000)
  object space 107520K, 73% used [0x0000000080000000,0x0000000084daf890,0x0000000086900000)
 Metaspace       used 69139K, committed 70784K, reserved 1114112K
  class space    used 7727K, committed 8448K, reserved 1048576K
}
Event: 243.790 GC heap after
{Heap after GC invocations=1825 (full 4):
 PSYoungGen      total 2560K, used 509K [0x00000000d5580000, 0x00000000d5a00000, 0x0000000100000000)
  eden space 2048K, 0% used [0x00000000d5580000,0x00000000d5580000,0x00000000d5780000)
  from space 512K, 99% used [0x00000000d5780000,0x00000000d57ff698,0x00000000d5800000)
  to   space 1024K, 0% used [0x00000000d5900000,0x00000000d5900000,0x00000000d5a00000)
 ParOldGen       total 107520K, used 79774K [0x0000000080000000, 0x0000000086900000, 0x00000000d5580000)
  object space 107520K, 74% used [0x0000000080000000,0x0000000084de78d0,0x0000000086900000)
 Metaspace       used 69139K, committed 70784K, reserved 1114112K
  class space    used 7727K, committed 8448K, reserved 1048576K
}
Event: 243.804 GC heap before
{Heap before GC invocations=1826 (full 4):
 PSYoungGen      total 2560K, used 2557K [0x00000000d5580000, 0x00000000d5a00000, 0x0000000100000000)
  eden space 2048K, 99% used [0x00000000d5580000,0x00000000d577ffc8,0x00000000d5780000)
  from space 512K, 99% used [0x00000000d5780000,0x00000000d57ff698,0x00000000d5800000)
  to   space 1024K, 0% used [0x00000000d5900000,0x00000000d5900000,0x00000000d5a00000)
 ParOldGen       total 107520K, used 79774K [0x0000000080000000, 0x0000000086900000, 0x00000000d5580000)
  object space 107520K, 74% used [0x0000000080000000,0x0000000084de78d0,0x0000000086900000)
 Metaspace       used 69139K, committed 70784K, reserved 1114112K
  class space    used 7727K, committed 8448K, reserved 1048576K
}
Event: 243.812 GC heap after
{Heap after GC invocations=1826 (full 4):
 PSYoungGen      total 3072K, used 1023K [0x00000000d5580000, 0x00000000d5b00000, 0x0000000100000000)
  eden space 2048K, 0% used [0x00000000d5580000,0x00000000d5580000,0x00000000d5780000)
  from space 1024K, 99% used [0x00000000d5900000,0x00000000d59ffcb0,0x00000000d5a00000)
  to   space 1536K, 0% used [0x00000000d5780000,0x00000000d5780000,0x00000000d5900000)
 ParOldGen       total 107520K, used 80117K [0x0000000080000000, 0x0000000086900000, 0x00000000d5580000)
  object space 107520K, 74% used [0x0000000080000000,0x0000000084e3d580,0x0000000086900000)
 Metaspace       used 69139K, committed 70784K, reserved 1114112K
  class space    used 7727K, committed 8448K, reserved 1048576K
}
Event: 243.828 GC heap before
{Heap before GC invocations=1827 (full 4):
 PSYoungGen      total 3072K, used 3071K [0x00000000d5580000, 0x00000000d5b00000, 0x0000000100000000)
  eden space 2048K, 100% used [0x00000000d5580000,0x00000000d5780000,0x00000000d5780000)
  from space 1024K, 99% used [0x00000000d5900000,0x00000000d59ffcb0,0x00000000d5a00000)
  to   space 1536K, 0% used [0x00000000d5780000,0x00000000d5780000,0x00000000d5900000)
 ParOldGen       total 107520K, used 80117K [0x0000000080000000, 0x0000000086900000, 0x00000000d5580000)
  object space 107520K, 74% used [0x0000000080000000,0x0000000084e3d580,0x0000000086900000)
 Metaspace       used 69139K, committed 70784K, reserved 1114112K
  class space    used 7727K, committed 8448K, reserved 1048576K
}
Event: 243.836 GC heap after
{Heap after GC invocations=1827 (full 4):
 PSYoungGen      total 3584K, used 1236K [0x00000000d5580000, 0x00000000d5b00000, 0x0000000100000000)
  eden space 2048K, 0% used [0x00000000d5580000,0x00000000d5580000,0x00000000d5780000)
  from space 1536K, 80% used [0x00000000d5780000,0x00000000d58b5228,0x00000000d5900000)
  to   space 1536K, 0% used [0x00000000d5980000,0x00000000d5980000,0x00000000d5b00000)
 ParOldGen       total 107520K, used 81172K [0x0000000080000000, 0x0000000086900000, 0x00000000d5580000)
  object space 107520K, 75% used [0x0000000080000000,0x0000000084f45230,0x0000000086900000)
 Metaspace       used 69139K, committed 70784K, reserved 1114112K
  class space    used 7727K, committed 8448K, reserved 1048576K
}
Event: 243.883 GC heap before
{Heap before GC invocations=1828 (full 4):
 PSYoungGen      total 3584K, used 3284K [0x00000000d5580000, 0x00000000d5b00000, 0x0000000100000000)
  eden space 2048K, 100% used [0x00000000d5580000,0x00000000d5780000,0x00000000d5780000)
  from space 1536K, 80% used [0x00000000d5780000,0x00000000d58b5228,0x00000000d5900000)
  to   space 1536K, 0% used [0x00000000d5980000,0x00000000d5980000,0x00000000d5b00000)
 ParOldGen       total 107520K, used 81172K [0x0000000080000000, 0x0000000086900000, 0x00000000d5580000)
  object space 107520K, 75% used [0x0000000080000000,0x0000000084f45230,0x0000000086900000)
 Metaspace       used 69143K, committed 70784K, reserved 1114112K
  class space    used 7727K, committed 8448K, reserved 1048576K
}
Event: 243.893 GC heap after
{Heap after GC invocations=1828 (full 4):
 PSYoungGen      total 4096K, used 1120K [0x00000000d5580000, 0x00000000d5b00000, 0x0000000100000000)
  eden space 2560K, 0% used [0x00000000d5580000,0x00000000d5580000,0x00000000d5800000)
  from space 1536K, 72% used [0x00000000d5980000,0x00000000d5a98000,0x00000000d5b00000)
  to   space 1536K, 0% used [0x00000000d5800000,0x00000000d5800000,0x00000000d5980000)
 ParOldGen       total 107520K, used 82340K [0x0000000080000000, 0x0000000086900000, 0x00000000d5580000)
  object space 107520K, 76% used [0x0000000080000000,0x0000000085069230,0x0000000086900000)
 Metaspace       used 69143K, committed 70784K, reserved 1114112K
  class space    used 7727K, committed 8448K, reserved 1048576K
}
Event: 244.183 GC heap before
{Heap before GC invocations=1829 (full 4):
 PSYoungGen      total 4096K, used 3680K [0x00000000d5580000, 0x00000000d5b00000, 0x0000000100000000)
  eden space 2560K, 100% used [0x00000000d5580000,0x00000000d5800000,0x00000000d5800000)
  from space 1536K, 72% used [0x00000000d5980000,0x00000000d5a98000,0x00000000d5b00000)
  to   space 1536K, 0% used [0x00000000d5800000,0x00000000d5800000,0x00000000d5980000)
 ParOldGen       total 107520K, used 82340K [0x0000000080000000, 0x0000000086900000, 0x00000000d5580000)
  object space 107520K, 76% used [0x0000000080000000,0x0000000085069230,0x0000000086900000)
 Metaspace       used 69151K, committed 70784K, reserved 1114112K
  class space    used 7727K, committed 8448K, reserved 1048576K
}
Event: 244.231 GC heap after
{Heap after GC invocations=1829 (full 4):
 PSYoungGen      total 4096K, used 192K [0x00000000d5580000, 0x00000000d5a80000, 0x0000000100000000)
  eden space 2560K, 0% used [0x00000000d5580000,0x00000000d5580000,0x00000000d5800000)
  from space 1536K, 12% used [0x00000000d5800000,0x00000000d5830000,0x00000000d5980000)
  to   space 1024K, 0% used [0x00000000d5980000,0x00000000d5980000,0x00000000d5a80000)
 ParOldGen       total 107520K, used 83420K [0x0000000080000000, 0x0000000086900000, 0x00000000d5580000)
  object space 107520K, 77% used [0x0000000080000000,0x0000000085177230,0x0000000086900000)
 Metaspace       used 69151K, committed 70784K, reserved 1114112K
  class space    used 7727K, committed 8448K, reserved 1048576K
}
Event: 244.457 GC heap before
{Heap before GC invocations=1830 (full 4):
 PSYoungGen      total 4096K, used 2752K [0x00000000d5580000, 0x00000000d5a80000, 0x0000000100000000)
  eden space 2560K, 100% used [0x00000000d5580000,0x00000000d5800000,0x00000000d5800000)
  from space 1536K, 12% used [0x00000000d5800000,0x00000000d5830000,0x00000000d5980000)
  to   space 1024K, 0% used [0x00000000d5980000,0x00000000d5980000,0x00000000d5a80000)
 ParOldGen       total 107520K, used 83420K [0x0000000080000000, 0x0000000086900000, 0x00000000d5580000)
  object space 107520K, 77% used [0x0000000080000000,0x0000000085177230,0x0000000086900000)
 Metaspace       used 69151K, committed 70784K, reserved 1114112K
  class space    used 7727K, committed 8448K, reserved 1048576K
}
Event: 244.460 GC heap after
{Heap after GC invocations=1830 (full 4):
 PSYoungGen      total 3072K, used 224K [0x00000000d5580000, 0x00000000d5a00000, 0x0000000100000000)
  eden space 2560K, 0% used [0x00000000d5580000,0x00000000d5580000,0x00000000d5800000)
  from space 512K, 43% used [0x00000000d5980000,0x00000000d59b8000,0x00000000d5a00000)
  to   space 512K, 0% used [0x00000000d5900000,0x00000000d5900000,0x00000000d5980000)
 ParOldGen       total 107520K, used 83510K [0x0000000080000000, 0x0000000086900000, 0x00000000d5580000)
  object space 107520K, 77% used [0x0000000080000000,0x000000008518d958,0x0000000086900000)
 Metaspace       used 69151K, committed 70784K, reserved 1114112K
  class space    used 7727K, committed 8448K, reserved 1048576K
}
Event: 244.507 GC heap before
{Heap before GC invocations=1831 (full 4):
 PSYoungGen      total 3072K, used 2784K [0x00000000d5580000, 0x00000000d5a00000, 0x0000000100000000)
  eden space 2560K, 100% used [0x00000000d5580000,0x00000000d5800000,0x00000000d5800000)
  from space 512K, 43% used [0x00000000d5980000,0x00000000d59b8000,0x00000000d5a00000)
  to   space 512K, 0% used [0x00000000d5900000,0x00000000d5900000,0x00000000d5980000)
 ParOldGen       total 107520K, used 83510K [0x0000000080000000, 0x0000000086900000, 0x00000000d5580000)
  object space 107520K, 77% used [0x0000000080000000,0x000000008518d958,0x0000000086900000)
 Metaspace       used 69151K, committed 70784K, reserved 1114112K
  class space    used 7727K, committed 8448K, reserved 1048576K
}
Event: 244.510 GC heap after
{Heap after GC invocations=1831 (full 4):
 PSYoungGen      total 3072K, used 507K [0x00000000d5580000, 0x00000000d5a00000, 0x0000000100000000)
  eden space 2560K, 0% used [0x00000000d5580000,0x00000000d5580000,0x00000000d5800000)
  from space 512K, 99% used [0x00000000d5900000,0x00000000d597ef38,0x00000000d5980000)
  to   space 512K, 0% used [0x00000000d5980000,0x00000000d5980000,0x00000000d5a00000)
 ParOldGen       total 107520K, used 83834K [0x0000000080000000, 0x0000000086900000, 0x00000000d5580000)
  object space 107520K, 77% used [0x0000000080000000,0x00000000851de968,0x0000000086900000)
 Metaspace       used 69151K, committed 70784K, reserved 1114112K
  class space    used 7727K, committed 8448K, reserved 1048576K
}
Event: 244.570 GC heap before
{Heap before GC invocations=1832 (full 4):
 PSYoungGen      total 3072K, used 3067K [0x00000000d5580000, 0x00000000d5a00000, 0x0000000100000000)
  eden space 2560K, 99% used [0x00000000d5580000,0x00000000d57ffff8,0x00000000d5800000)
  from space 512K, 99% used [0x00000000d5900000,0x00000000d597ef38,0x00000000d5980000)
  to   space 512K, 0% used [0x00000000d5980000,0x00000000d5980000,0x00000000d5a00000)
 ParOldGen       total 107520K, used 83834K [0x0000000080000000, 0x0000000086900000, 0x00000000d5580000)
  object space 107520K, 77% used [0x0000000080000000,0x00000000851de968,0x0000000086900000)
 Metaspace       used 69151K, committed 70784K, reserved 1114112K
  class space    used 7727K, committed 8448K, reserved 1048576K
}
Event: 244.573 GC heap after
{Heap after GC invocations=1832 (full 4):
 PSYoungGen      total 3072K, used 224K [0x00000000d5580000, 0x00000000d5a00000, 0x0000000100000000)
  eden space 2560K, 0% used [0x00000000d5580000,0x00000000d5580000,0x00000000d5800000)
  from space 512K, 43% used [0x00000000d5980000,0x00000000d59b8000,0x00000000d5a00000)
  to   space 512K, 0% used [0x00000000d5900000,0x00000000d5900000,0x00000000d5980000)
 ParOldGen       total 107520K, used 83874K [0x0000000080000000, 0x0000000086900000, 0x00000000d5580000)
  object space 107520K, 78% used [0x0000000080000000,0x00000000851e8968,0x0000000086900000)
 Metaspace       used 69151K, committed 70784K, reserved 1114112K
  class space    used 7727K, committed 8448K, reserved 1048576K
}
Event: 244.984 GC heap before
{Heap before GC invocations=1833 (full 4):
 PSYoungGen      total 3072K, used 2783K [0x00000000d5580000, 0x00000000d5a00000, 0x0000000100000000)
  eden space 2560K, 99% used [0x00000000d5580000,0x00000000d57fffe0,0x00000000d5800000)
  from space 512K, 43% used [0x00000000d5980000,0x00000000d59b8000,0x00000000d5a00000)
  to   space 512K, 0% used [0x00000000d5900000,0x00000000d5900000,0x00000000d5980000)
 ParOldGen       total 107520K, used 83874K [0x0000000080000000, 0x0000000086900000, 0x00000000d5580000)
  object space 107520K, 78% used [0x0000000080000000,0x00000000851e8968,0x0000000086900000)
 Metaspace       used 69152K, committed 70784K, reserved 1114112K
  class space    used 7728K, committed 8448K, reserved 1048576K
}
Event: 244.991 GC heap after
{Heap after GC invocations=1833 (full 4):
 PSYoungGen      total 3072K, used 512K [0x00000000d5580000, 0x00000000d5a00000, 0x0000000100000000)
  eden space 2560K, 0% used [0x00000000d5580000,0x00000000d5580000,0x00000000d5800000)
  from space 512K, 100% used [0x00000000d5900000,0x00000000d5980000,0x00000000d5980000)
  to   space 512K, 0% used [0x00000000d5980000,0x00000000d5980000,0x00000000d5a00000)
 ParOldGen       total 107520K, used 83998K [0x0000000080000000, 0x0000000086900000, 0x00000000d5580000)
  object space 107520K, 78% used [0x0000000080000000,0x00000000852079b8,0x0000000086900000)
 Metaspace       used 69152K, committed 70784K, reserved 1114112K
  class space    used 7728K, committed 8448K, reserved 1048576K
}
Event: 245.136 GC heap before
{Heap before GC invocations=1834 (full 4):
 PSYoungGen      total 3072K, used 3071K [0x00000000d5580000, 0x00000000d5a00000, 0x0000000100000000)
  eden space 2560K, 99% used [0x00000000d5580000,0x00000000d57ffff0,0x00000000d5800000)
  from space 512K, 100% used [0x00000000d5900000,0x00000000d5980000,0x00000000d5980000)
  to   space 512K, 0% used [0x00000000d5980000,0x00000000d5980000,0x00000000d5a00000)
 ParOldGen       total 107520K, used 83998K [0x0000000080000000, 0x0000000086900000, 0x00000000d5580000)
  object space 107520K, 78% used [0x0000000080000000,0x00000000852079b8,0x0000000086900000)
 Metaspace       used 69152K, committed 70784K, reserved 1114112K
  class space    used 7728K, committed 8448K, reserved 1048576K
}
Event: 245.154 GC heap after
{Heap after GC invocations=1834 (full 4):
 PSYoungGen      total 3072K, used 512K [0x00000000d5580000, 0x00000000d5b00000, 0x0000000100000000)
  eden space 2560K, 0% used [0x00000000d5580000,0x00000000d5580000,0x00000000d5800000)
  from space 512K, 100% used [0x00000000d5980000,0x00000000d5a00000,0x00000000d5a00000)
  to   space 1536K, 0% used [0x00000000d5800000,0x00000000d5800000,0x00000000d5980000)
 ParOldGen       total 107520K, used 84506K [0x0000000080000000, 0x0000000086900000, 0x00000000d5580000)
  object space 107520K, 78% used [0x0000000080000000,0x0000000085286a78,0x0000000086900000)
 Metaspace       used 69152K, committed 70784K, reserved 1114112K
  class space    used 7728K, committed 8448K, reserved 1048576K
}

Dll operation events (20 events):
Event: 0.381 Attempting to load shared library C:\Users\Home\.vscode\extensions\redhat.java-1.56.0-win32-x64\jre\21.0.12.1-win32-x86_64\bin\zip.dll
Event: 0.381 Loaded shared library C:\Users\Home\.vscode\extensions\redhat.java-1.56.0-win32-x64\jre\21.0.12.1-win32-x86_64\bin\zip.dll
Event: 0.454 Attempting to load shared library C:\Users\Home\.vscode\extensions\redhat.java-1.56.0-win32-x64\jre\21.0.12.1-win32-x86_64\bin\jimage.dll
Event: 0.454 Loaded shared library C:\Users\Home\.vscode\extensions\redhat.java-1.56.0-win32-x64\jre\21.0.12.1-win32-x86_64\bin\jimage.dll
Event: 0.657 Attempting to load shared library c:\Users\Home\.vscode\extensions\redhat.java-1.56.0-win32-x64\jre\21.0.12.1-win32-x86_64\bin\verify.dll
Event: 0.657 Loaded shared library c:\Users\Home\.vscode\extensions\redhat.java-1.56.0-win32-x64\jre\21.0.12.1-win32-x86_64\bin\verify.dll
Event: 3.935 Attempting to load shared library C:\Users\Home\AppData\Roaming\Code\User\globalStorage\redhat.java\1.56.0\config_win\org.eclipse.equinox.launcher\org.eclipse.equinox.launcher.win32.win32.x86_64_1.3.100.v20260804-1928\eclipse_11924.dll
Event: 3.936 Loaded shared library C:\Users\Home\AppData\Roaming\Code\User\globalStorage\redhat.java\1.56.0\config_win\org.eclipse.equinox.launcher\org.eclipse.equinox.launcher.win32.win32.x86_64_1.3.100.v20260804-1928\eclipse_11924.dll
Event: 12.576 Attempting to load shared library C:\Users\Home\AppData\Local\Temp\jna-2255103\jna12745528901072513770.dll
Event: 13.313 Loaded shared library C:\Users\Home\AppData\Local\Temp\jna-2255103\jna12745528901072513770.dll
Event: 35.480 Attempting to load shared library C:\Users\Home\.gradle\native\660c5614fbf4a5f2a75b1949f50a0caf5cd603558e7d8a26e50b933a0cfb79d1\windows-amd64\native-platform.dll
Event: 35.481 Loaded shared library C:\Users\Home\.gradle\native\660c5614fbf4a5f2a75b1949f50a0caf5cd603558e7d8a26e50b933a0cfb79d1\windows-amd64\native-platform.dll
Event: 36.835 Attempting to load shared library C:\Users\Home\.vscode\extensions\redhat.java-1.56.0-win32-x64\jre\21.0.12.1-win32-x86_64\bin\management.dll
Event: 36.835 Loaded shared library C:\Users\Home\.vscode\extensions\redhat.java-1.56.0-win32-x64\jre\21.0.12.1-win32-x86_64\bin\management.dll
Event: 36.837 Attempting to load shared library C:\Users\Home\.vscode\extensions\redhat.java-1.56.0-win32-x64\jre\21.0.12.1-win32-x86_64\bin\management_ext.dll
Event: 36.838 Loaded shared library C:\Users\Home\.vscode\extensions\redhat.java-1.56.0-win32-x64\jre\21.0.12.1-win32-x86_64\bin\management_ext.dll
Event: 78.015 Attempting to load shared library C:\Users\Home\.vscode\extensions\redhat.java-1.56.0-win32-x64\jre\21.0.12.1-win32-x86_64\bin\sunmscapi.dll
Event: 78.024 Loaded shared library C:\Users\Home\.vscode\extensions\redhat.java-1.56.0-win32-x64\jre\21.0.12.1-win32-x86_64\bin\sunmscapi.dll
Event: 81.747 Attempting to load shared library C:\Users\Home\.vscode\extensions\redhat.java-1.56.0-win32-x64\jre\21.0.12.1-win32-x86_64\bin\extnet.dll
Event: 81.766 Loaded shared library C:\Users\Home\.vscode\extensions\redhat.java-1.56.0-win32-x64\jre\21.0.12.1-win32-x86_64\bin\extnet.dll

Deoptimization events (20 events):
Event: 243.630 Thread 0x0000017f47589560 DEOPT PACKING pc=0x0000017f71b9c724 sp=0x00000051509fee50
Event: 243.630 Thread 0x0000017f47589560 DEOPT UNPACKING pc=0x0000017f715b3aa2 sp=0x00000051509fedf0 mode 2
Event: 243.656 Thread 0x0000017f47589560 Uncommon trap: trap_request=0xffffffde fr.pc=0x0000017f71cbf5c4 relative=0x00000000000005a4
Event: 243.656 Thread 0x0000017f47589560 Uncommon trap: reason=class_check action=maybe_recompile pc=0x0000017f71cbf5c4 method=org.gradle.internal.logging.sink.GroupingProgressLogEventGenerator.onUpdateNow(Lorg/gradle/internal/logging/events/UpdateNowEvent;)V @ 38 c2
Event: 243.656 Thread 0x0000017f47589560 DEOPT PACKING pc=0x0000017f71cbf5c4 sp=0x00000051509feeb0
Event: 243.659 Thread 0x0000017f47589560 DEOPT UNPACKING pc=0x0000017f715b3aa2 sp=0x00000051509fed00 mode 2
Event: 243.663 Thread 0x0000017f47589560 Uncommon trap: trap_request=0xffffffde fr.pc=0x0000017f71cbf5c4 relative=0x00000000000005a4
Event: 243.666 Thread 0x0000017f47589560 Uncommon trap: reason=class_check action=maybe_recompile pc=0x0000017f71cbf5c4 method=org.gradle.internal.logging.sink.GroupingProgressLogEventGenerator.onUpdateNow(Lorg/gradle/internal/logging/events/UpdateNowEvent;)V @ 38 c2
Event: 243.666 Thread 0x0000017f47589560 DEOPT PACKING pc=0x0000017f71cbf5c4 sp=0x00000051509feeb0
Event: 243.666 Thread 0x0000017f47589560 DEOPT UNPACKING pc=0x0000017f715b3aa2 sp=0x00000051509fed00 mode 2
Event: 243.666 Thread 0x0000017f47589560 Uncommon trap: trap_request=0xffffffde fr.pc=0x0000017f71cbf5c4 relative=0x00000000000005a4
Event: 243.666 Thread 0x0000017f47589560 Uncommon trap: reason=class_check action=maybe_recompile pc=0x0000017f71cbf5c4 method=org.gradle.internal.logging.sink.GroupingProgressLogEventGenerator.onUpdateNow(Lorg/gradle/internal/logging/events/UpdateNowEvent;)V @ 38 c2
Event: 243.666 Thread 0x0000017f47589560 DEOPT PACKING pc=0x0000017f71cbf5c4 sp=0x00000051509feeb0
Event: 243.666 Thread 0x0000017f47589560 DEOPT UNPACKING pc=0x0000017f715b3aa2 sp=0x00000051509fed00 mode 2
Event: 243.666 Thread 0x0000017f47589560 Uncommon trap: trap_request=0xffffffde fr.pc=0x0000017f71b9c724 relative=0x00000000000001e4
Event: 243.666 Thread 0x0000017f47589560 Uncommon trap: reason=class_check action=maybe_recompile pc=0x0000017f71b9c724 method=org.gradle.internal.logging.sink.GroupingProgressLogEventGenerator.onUpdateNow(Lorg/gradle/internal/logging/events/UpdateNowEvent;)V @ 38 c2
Event: 243.666 Thread 0x0000017f47589560 DEOPT PACKING pc=0x0000017f71b9c724 sp=0x00000051509fed60
Event: 243.666 Thread 0x0000017f47589560 DEOPT UNPACKING pc=0x0000017f715b3aa2 sp=0x00000051509fed00 mode 2
Event: 244.087 Thread 0x0000017f47a256a0 DEOPT PACKING pc=0x0000017f6bcda9ef sp=0x00000051531ff580
Event: 244.087 Thread 0x0000017f47a256a0 DEOPT UNPACKING pc=0x0000017f715b4242 sp=0x00000051531feaa8 mode 0

Classes loaded (20 events):
Event: 181.356 Loading class java/nio/channels/spi/AbstractSelectionKey done
Event: 181.356 Loading class sun/nio/ch/SelectionKeyImpl done
Event: 181.358 Loading class java/lang/invoke/ConstantBootstraps
Event: 181.364 Loading class java/lang/invoke/ConstantBootstraps done
Event: 186.275 Loading class java/nio/channels/spi/AbstractSelector$1
Event: 186.912 Loading class java/nio/channels/spi/AbstractSelector$1 done
Event: 187.977 Loading class java/util/concurrent/Executors$AutoShutdownDelegatedExecutorService
Event: 187.979 Loading class java/util/concurrent/Executors$AutoShutdownDelegatedExecutorService done
Event: 236.249 Loading class java/util/concurrent/ConcurrentLinkedQueue$Itr
Event: 236.450 Loading class java/util/concurrent/ConcurrentLinkedQueue$Itr done
Event: 237.438 Loading class java/util/AbstractList$RandomAccessSubList
Event: 237.511 Loading class java/util/AbstractList$SubList
Event: 237.561 Loading class java/util/AbstractList$SubList done
Event: 237.563 Loading class java/util/AbstractList$RandomAccessSubList done
Event: 237.570 Loading class java/util/AbstractList$SubList$1
Event: 237.604 Loading class java/util/AbstractList$SubList$1 done
Event: 237.693 Loading class java/util/LinkedList$LLSpliterator
Event: 238.110 Loading class java/util/LinkedList$LLSpliterator done
Event: 238.799 Loading class sun/nio/fs/WindowsFileCopy
Event: 238.947 Loading class sun/nio/fs/WindowsFileCopy done

Classes unloaded (20 events):
Event: 241.754 Thread 0x0000017f66cfd930 Unloading class 0x0000017f01808c00 'java/lang/invoke/LambdaForm$MH+0x0000017f01808c00'
Event: 241.754 Thread 0x0000017f66cfd930 Unloading class 0x0000017f01808800 'java/lang/invoke/LambdaForm$MH+0x0000017f01808800'
Event: 241.754 Thread 0x0000017f66cfd930 Unloading class 0x0000017f01808400 'java/lang/invoke/LambdaForm$MH+0x0000017f01808400'
Event: 241.754 Thread 0x0000017f66cfd930 Unloading class 0x0000017f01808000 'java/lang/invoke/LambdaForm$MH+0x0000017f01808000'
Event: 241.754 Thread 0x0000017f66cfd930 Unloading class 0x0000017f01807c00 'java/lang/invoke/LambdaForm$MH+0x0000017f01807c00'
Event: 241.754 Thread 0x0000017f66cfd930 Unloading class 0x0000017f01807800 'java/lang/invoke/LambdaForm$MH+0x0000017f01807800'
Event: 241.754 Thread 0x0000017f66cfd930 Unloading class 0x0000017f01807000 'java/lang/invoke/LambdaForm$MH+0x0000017f01807000'
Event: 241.754 Thread 0x0000017f66cfd930 Unloading class 0x0000017f01806c00 'java/lang/invoke/LambdaForm$MH+0x0000017f01806c00'
Event: 241.756 Thread 0x0000017f66cfd930 Unloading class 0x0000017f01806800 'java/lang/invoke/LambdaForm$MH+0x0000017f01806800'
Event: 241.756 Thread 0x0000017f66cfd930 Unloading class 0x0000017f01806400 'java/lang/invoke/LambdaForm$MH+0x0000017f01806400'
Event: 241.756 Thread 0x0000017f66cfd930 Unloading class 0x0000017f01805c00 'java/lang/invoke/LambdaForm$MH+0x0000017f01805c00'
Event: 241.756 Thread 0x0000017f66cfd930 Unloading class 0x0000017f01806000 'java/lang/invoke/LambdaForm$MH+0x0000017f01806000'
Event: 241.756 Thread 0x0000017f66cfd930 Unloading class 0x0000017f01805800 'java/lang/invoke/LambdaForm$MH+0x0000017f01805800'
Event: 241.756 Thread 0x0000017f66cfd930 Unloading class 0x0000017f01805400 'java/lang/invoke/LambdaForm$MH+0x0000017f01805400'
Event: 241.756 Thread 0x0000017f66cfd930 Unloading class 0x0000017f01805000 'java/lang/invoke/LambdaForm$MH+0x0000017f01805000'
Event: 241.756 Thread 0x0000017f66cfd930 Unloading class 0x0000017f01804c00 'java/lang/invoke/LambdaForm$MH+0x0000017f01804c00'
Event: 241.756 Thread 0x0000017f66cfd930 Unloading class 0x0000017f01804800 'java/lang/invoke/LambdaForm$MH+0x0000017f01804800'
Event: 241.756 Thread 0x0000017f66cfd930 Unloading class 0x0000017f01804400 'java/lang/invoke/LambdaForm$MH+0x0000017f01804400'
Event: 241.756 Thread 0x0000017f66cfd930 Unloading class 0x0000017f01804000 'java/lang/invoke/LambdaForm$MH+0x0000017f01804000'
Event: 241.756 Thread 0x0000017f66cfd930 Unloading class 0x0000017f017ac800 'java/lang/invoke/LambdaForm$DMH+0x0000017f017ac800'

Classes redefined (0 events):
No events

Internal exceptions (20 events):
Event: 239.301 Thread 0x0000017f509e6940 Exception <a 'sun/nio/fs/WindowsException'{0x00000000d56ddf60}> (0x00000000d56ddf60) 
thrown [s\src\hotspot\share\prims\jni.cpp, line 520]
Event: 239.301 Thread 0x0000017f509e6940 Exception <a 'sun/nio/fs/WindowsException'{0x00000000d56e5a58}> (0x00000000d56e5a58) 
thrown [s\src\hotspot\share\prims\jni.cpp, line 520]
Event: 239.301 Thread 0x0000017f509e6940 Exception <a 'sun/nio/fs/WindowsException'{0x00000000d56f5718}> (0x00000000d56f5718) 
thrown [s\src\hotspot\share\prims\jni.cpp, line 520]
Event: 239.301 Thread 0x0000017f509e6940 Exception <a 'sun/nio/fs/WindowsException'{0x00000000d56f5d30}> (0x00000000d56f5d30) 
thrown [s\src\hotspot\share\prims\jni.cpp, line 520]
Event: 239.302 Thread 0x0000017f509e6940 Exception <a 'sun/nio/fs/WindowsException'{0x00000000d570e440}> (0x00000000d570e440) 
thrown [s\src\hotspot\share\prims\jni.cpp, line 520]
Event: 239.302 Thread 0x0000017f509e6940 Exception <a 'sun/nio/fs/WindowsException'{0x00000000d57161b8}> (0x00000000d57161b8) 
thrown [s\src\hotspot\share\prims\jni.cpp, line 520]
Event: 239.810 Thread 0x0000017f509e5c20 Exception <a 'sun/nio/fs/WindowsException'{0x00000000d56e1458}> (0x00000000d56e1458) 
thrown [s\src\hotspot\share\prims\jni.cpp, line 520]
Event: 239.810 Thread 0x0000017f509e5c20 Exception <a 'sun/nio/fs/WindowsException'{0x00000000d56e1a90}> (0x00000000d56e1a90) 
thrown [s\src\hotspot\share\prims\jni.cpp, line 520]
Event: 239.810 Thread 0x0000017f509e5c20 Exception <a 'sun/nio/fs/WindowsException'{0x00000000d56e2990}> (0x00000000d56e2990) 
thrown [s\src\hotspot\share\prims\jni.cpp, line 520]
Event: 239.810 Thread 0x0000017f509e5c20 Exception <a 'sun/nio/fs/WindowsException'{0x00000000d56e2fa8}> (0x00000000d56e2fa8) 
thrown [s\src\hotspot\share\prims\jni.cpp, line 520]
Event: 239.811 Thread 0x0000017f509e5c20 Exception <a 'sun/nio/fs/WindowsException'{0x00000000d56e4b48}> (0x00000000d56e4b48) 
thrown [s\src\hotspot\share\prims\jni.cpp, line 520]
Event: 239.811 Thread 0x0000017f509e5c20 Exception <a 'sun/nio/fs/WindowsException'{0x00000000d56e53a0}> (0x00000000d56e53a0) 
thrown [s\src\hotspot\share\prims\jni.cpp, line 520]
Event: 243.172 Thread 0x0000017f45ce9c30 Exception <a 'sun/nio/fs/WindowsException'{0x00000000d55916c8}> (0x00000000d55916c8) 
thrown [s\src\hotspot\share\prims\jni.cpp, line 520]
Event: 243.604 Thread 0x0000017f45ce46e0 Exception <a 'sun/nio/fs/WindowsException'{0x00000000d565bd80}> (0x00000000d565bd80) 
thrown [s\src\hotspot\share\prims\jni.cpp, line 520]
Event: 243.698 Thread 0x0000017f465ae450 Exception <a 'sun/nio/fs/WindowsException'{0x00000000d560c370}> (0x00000000d560c370) 
thrown [s\src\hotspot\share\prims\jni.cpp, line 520]
Event: 243.698 Thread 0x0000017f465ae450 Exception <a 'sun/nio/fs/WindowsException'{0x00000000d560c9a8}> (0x00000000d560c9a8) 
thrown [s\src\hotspot\share\prims\jni.cpp, line 520]
Event: 243.698 Thread 0x0000017f465ae450 Exception <a 'sun/nio/fs/WindowsException'{0x00000000d561a040}> (0x00000000d561a040) 
thrown [s\src\hotspot\share\prims\jni.cpp, line 520]
Event: 243.698 Thread 0x0000017f465ae450 Exception <a 'sun/nio/fs/WindowsException'{0x00000000d561a658}> (0x00000000d561a658) 
thrown [s\src\hotspot\share\prims\jni.cpp, line 520]
Event: 243.699 Thread 0x0000017f465ae450 Exception <a 'sun/nio/fs/WindowsException'{0x00000000d561c1f8}> (0x00000000d561c1f8) 
thrown [s\src\hotspot\share\prims\jni.cpp, line 520]
Event: 243.699 Thread 0x0000017f465ae450 Exception <a 'sun/nio/fs/WindowsException'{0x00000000d562ba68}> (0x00000000d562ba68) 
thrown [s\src\hotspot\share\prims\jni.cpp, line 520]

ZGC Phase Switch (0 events):
No events

VM Operations (20 events):
Event: 243.734 Executing safepoint VM operation: ParallelGCFailedAllocation (Allocation Failure)
Event: 243.790 Executing safepoint VM operation: ParallelGCFailedAllocation (Allocation Failure) done
Event: 243.793 Executing safepoint VM operation: ParallelGCFailedAllocation (Allocation Failure)
Event: 243.812 Executing safepoint VM operation: ParallelGCFailedAllocation (Allocation Failure) done
Event: 243.818 Executing safepoint VM operation: ParallelGCFailedAllocation (Allocation Failure)
Event: 243.836 Executing safepoint VM operation: ParallelGCFailedAllocation (Allocation Failure) done
Event: 243.844 Executing safepoint VM operation: ParallelGCFailedAllocation (Allocation Failure)
Event: 243.893 Executing safepoint VM operation: ParallelGCFailedAllocation (Allocation Failure) done
Event: 244.178 Executing safepoint VM operation: ParallelGCFailedAllocation (Allocation Failure)
Event: 244.231 Executing safepoint VM operation: ParallelGCFailedAllocation (Allocation Failure) done
Event: 244.438 Executing safepoint VM operation: ParallelGCFailedAllocation (Allocation Failure)
Event: 244.460 Executing safepoint VM operation: ParallelGCFailedAllocation (Allocation Failure) done
Event: 244.476 Executing safepoint VM operation: ParallelGCFailedAllocation (Allocation Failure)
Event: 244.510 Executing safepoint VM operation: ParallelGCFailedAllocation (Allocation Failure) done
Event: 244.567 Executing safepoint VM operation: ParallelGCFailedAllocation (Allocation Failure)
Event: 244.573 Executing safepoint VM operation: ParallelGCFailedAllocation (Allocation Failure) done
Event: 244.984 Executing safepoint VM operation: ParallelGCFailedAllocation (Allocation Failure)
Event: 244.991 Executing safepoint VM operation: ParallelGCFailedAllocation (Allocation Failure) done
Event: 245.136 Executing safepoint VM operation: ParallelGCFailedAllocation (Allocation Failure)
Event: 245.154 Executing safepoint VM operation: ParallelGCFailedAllocation (Allocation Failure) done

Memory protections (0 events):
No events

Nmethod flushes (20 events):
Event: 242.468 Thread 0x0000017f66cfd930 flushing  nmethod 0x0000017f6b03be90
Event: 242.468 Thread 0x0000017f66cfd930 flushing  nmethod 0x0000017f6b042710
Event: 242.468 Thread 0x0000017f66cfd930 flushing  nmethod 0x0000017f6b045e90
Event: 242.469 Thread 0x0000017f66cfd930 flushing  nmethod 0x0000017f6b053f10
Event: 242.469 Thread 0x0000017f66cfd930 flushing  nmethod 0x0000017f6b056490
Event: 242.469 Thread 0x0000017f66cfd930 flushing  nmethod 0x0000017f6b056d10
Event: 242.469 Thread 0x0000017f66cfd930 flushing  nmethod 0x0000017f6b09fd90
Event: 242.469 Thread 0x0000017f66cfd930 flushing  nmethod 0x0000017f6b0a0e10
Event: 242.469 Thread 0x0000017f66cfd930 flushing  nmethod 0x0000017f6b0b4890
Event: 242.469 Thread 0x0000017f66cfd930 flushing  nmethod 0x0000017f6b0b4c10
Event: 242.469 Thread 0x0000017f66cfd930 flushing  nmethod 0x0000017f6b104310
Event: 242.469 Thread 0x0000017f66cfd930 flushing  nmethod 0x0000017f6b167410
Event: 242.469 Thread 0x0000017f66cfd930 flushing  nmethod 0x0000017f6b1cc490
Event: 242.469 Thread 0x0000017f66cfd930 flushing  nmethod 0x0000017f6b1d0d90
Event: 242.469 Thread 0x0000017f66cfd930 flushing  nmethod 0x0000017f6b1d1c90
Event: 242.469 Thread 0x0000017f66cfd930 flushing  nmethod 0x0000017f6b1e0190
Event: 242.469 Thread 0x0000017f66cfd930 flushing  nmethod 0x0000017f6b1fbf90
Event: 242.469 Thread 0x0000017f66cfd930 flushing  nmethod 0x0000017f6b24a210
Event: 242.469 Thread 0x0000017f66cfd930 flushing  nmethod 0x0000017f6b26fa90
Event: 242.469 Thread 0x0000017f66cfd930 flushing  nmethod 0x0000017f6b273790

Events (20 events):
Event: 244.549 Thread 0x0000017f465af170 Thread added: 0x0000017f465b6790
Event: 244.555 Thread 0x0000017f465b81d0 Thread added: 0x0000017f465b9580
Event: 244.555 Thread 0x0000017f465b81d0 Thread added: 0x0000017f465b25f0
Event: 244.573 Thread 0x0000017f465b9580 Thread exited: 0x0000017f465b9580
Event: 244.573 Thread 0x0000017f465addc0 Thread exited: 0x0000017f465addc0
Event: 244.577 Thread 0x0000017f465b4030 Thread added: 0x0000017f465addc0
Event: 244.577 Thread 0x0000017f465b4030 Thread added: 0x0000017f465b9580
Event: 244.621 Thread 0x0000017f47583980 Thread added: 0x0000017f465b6e20
Event: 244.644 Thread 0x0000017f465addc0 Thread exited: 0x0000017f465addc0
Event: 244.683 Thread 0x0000017f465b6e20 Thread added: 0x0000017f465addc0
Event: 244.684 Thread 0x0000017f465b6e20 Thread added: 0x0000017f465b74b0
Event: 244.699 Thread 0x0000017f465addc0 Thread exited: 0x0000017f465addc0
Event: 244.708 Thread 0x0000017f47a36a40 Thread added: 0x0000017f465addc0
Event: 244.738 Thread 0x0000017f465addc0 Thread added: 0x0000017f465bb650
Event: 244.738 Thread 0x0000017f465addc0 Thread added: 0x0000017f465b9c10
Event: 244.740 Thread 0x0000017f465bb650 Thread exited: 0x0000017f465bb650
Event: 245.023 Thread 0x0000017f509d8a20 Thread added: 0x0000017f465ba2a0
Event: 245.161 Thread 0x0000017f47a19850 Thread added: 0x0000017f465bb650
Event: 245.245 Thread 0x0000017f47a25d30 Thread added: 0x0000017f465bc370
Event: 245.350 Thread 0x0000017f47a22f40 Thread added: 0x0000017f507f1750


Dynamic libraries:
0x00007ff7328c0000 - 0x00007ff7328ce000 	c:\Users\Home\.vscode\extensions\redhat.java-1.56.0-win32-x64\jre\21.0.12.1-win32-x86_64\bin\java.exe
0x00007ffa74bd0000 - 0x00007ffa74dc8000 	C:\Windows\SYSTEM32\ntdll.dll
0x00007ffa73b70000 - 0x00007ffa73c32000 	C:\Windows\System32\KERNEL32.DLL
0x00007ffa72560000 - 0x00007ffa72856000 	C:\Windows\System32\KERNELBASE.dll
0x00007ffa6f850000 - 0x00007ffa6f8e4000 	C:\Windows\SYSTEM32\apphelp.dll
0x00007ffa72430000 - 0x00007ffa72530000 	C:\Windows\System32\ucrtbase.dll
0x00007ffa54480000 - 0x00007ffa54498000 	c:\Users\Home\.vscode\extensions\redhat.java-1.56.0-win32-x64\jre\21.0.12.1-win32-x86_64\bin\jli.dll
0x00007ffa73760000 - 0x00007ffa73901000 	C:\Windows\System32\USER32.dll
0x00007ffa72530000 - 0x00007ffa72552000 	C:\Windows\System32\win32u.dll
0x00007ffa73650000 - 0x00007ffa7367b000 	C:\Windows\System32\GDI32.dll
0x00007ffa722e0000 - 0x00007ffa723f9000 	C:\Windows\System32\gdi32full.dll
0x00007ffa72b50000 - 0x00007ffa72bed000 	C:\Windows\System32\msvcp_win.dll
0x00007ffa545b0000 - 0x00007ffa545ce000 	c:\Users\Home\.vscode\extensions\redhat.java-1.56.0-win32-x64\jre\21.0.12.1-win32-x86_64\bin\VCRUNTIME140.dll
0x00007ffa668f0000 - 0x00007ffa66b8b000 	C:\Windows\WinSxS\amd64_microsoft.windows.common-controls_6595b64144ccf1df_6.0.19041.6456_none_60b8a6cb71f64256\COMCTL32.dll
0x00007ffa741d0000 - 0x00007ffa7426e000 	C:\Windows\System32\msvcrt.dll
0x00007ffa736a0000 - 0x00007ffa736cf000 	C:\Windows\System32\IMM32.DLL
0x00007ffa6c5e0000 - 0x00007ffa6c5ec000 	c:\Users\Home\.vscode\extensions\redhat.java-1.56.0-win32-x64\jre\21.0.12.1-win32-x86_64\bin\vcruntime140_1.dll
0x00007ffa48c30000 - 0x00007ffa48cbd000 	c:\Users\Home\.vscode\extensions\redhat.java-1.56.0-win32-x64\jre\21.0.12.1-win32-x86_64\bin\msvcp140.dll
0x00007ffa2d330000 - 0x00007ffa2e0d2000 	c:\Users\Home\.vscode\extensions\redhat.java-1.56.0-win32-x64\jre\21.0.12.1-win32-x86_64\bin\server\jvm.dll
0x00007ffa73910000 - 0x00007ffa739c1000 	C:\Windows\System32\ADVAPI32.dll
0x00007ffa731a0000 - 0x00007ffa7323f000 	C:\Windows\System32\sechost.dll
0x00007ffa74050000 - 0x00007ffa74170000 	C:\Windows\System32\RPCRT4.dll
0x00007ffa72400000 - 0x00007ffa72427000 	C:\Windows\System32\bcrypt.dll
0x00007ffa736f0000 - 0x00007ffa7375b000 	C:\Windows\System32\WS2_32.dll
0x00007ffa720c0000 - 0x00007ffa7210b000 	C:\Windows\SYSTEM32\POWRPROF.dll
0x00007ffa66bb0000 - 0x00007ffa66bd7000 	C:\Windows\SYSTEM32\WINMM.dll
0x00007ffa6d130000 - 0x00007ffa6d13a000 	C:\Windows\SYSTEM32\VERSION.dll
0x00007ffa720a0000 - 0x00007ffa720b2000 	C:\Windows\SYSTEM32\UMPDC.dll
0x00007ffa700f0000 - 0x00007ffa70102000 	C:\Windows\SYSTEM32\kernel.appcore.dll
0x00007ffa6baf0000 - 0x00007ffa6bafa000 	c:\Users\Home\.vscode\extensions\redhat.java-1.56.0-win32-x64\jre\21.0.12.1-win32-x86_64\bin\jimage.dll
0x00007ffa66ce0000 - 0x00007ffa66ee1000 	C:\Windows\SYSTEM32\DBGHELP.DLL
0x00007ffa522f0000 - 0x00007ffa52324000 	C:\Windows\SYSTEM32\dbgcore.DLL
0x00007ffa72860000 - 0x00007ffa728e2000 	C:\Windows\System32\bcryptPrimitives.dll
0x00007ffa6b890000 - 0x00007ffa6b89f000 	c:\Users\Home\.vscode\extensions\redhat.java-1.56.0-win32-x64\jre\21.0.12.1-win32-x86_64\bin\instrument.dll
0x00007ffa53c60000 - 0x00007ffa53c80000 	c:\Users\Home\.vscode\extensions\redhat.java-1.56.0-win32-x64\jre\21.0.12.1-win32-x86_64\bin\java.dll
0x00007ffa74270000 - 0x00007ffa749e0000 	C:\Windows\System32\SHELL32.dll
0x00007ffa702f0000 - 0x00007ffa70a95000 	C:\Windows\SYSTEM32\windows.storage.dll
0x00007ffa73c40000 - 0x00007ffa73f94000 	C:\Windows\System32\combase.dll
0x00007ffa71bb0000 - 0x00007ffa71bdb000 	C:\Windows\SYSTEM32\Wldp.dll
0x00007ffa73450000 - 0x00007ffa7351d000 	C:\Windows\System32\OLEAUT32.dll
0x00007ffa73fa0000 - 0x00007ffa7404d000 	C:\Windows\System32\SHCORE.dll
0x00007ffa732d0000 - 0x00007ffa7332b000 	C:\Windows\System32\shlwapi.dll
0x00007ffa72190000 - 0x00007ffa721b4000 	C:\Windows\SYSTEM32\profapi.dll
0x00007ffa4d330000 - 0x00007ffa4d348000 	c:\Users\Home\.vscode\extensions\redhat.java-1.56.0-win32-x64\jre\21.0.12.1-win32-x86_64\bin\zip.dll
0x00007ffa6b990000 - 0x00007ffa6b9a0000 	C:\Users\Home\.vscode\extensions\redhat.java-1.56.0-win32-x64\jre\21.0.12.1-win32-x86_64\bin\net.dll
0x00007ffa6d250000 - 0x00007ffa6d35a000 	C:\Windows\SYSTEM32\WINHTTP.dll
0x00007ffa71910000 - 0x00007ffa7197a000 	C:\Windows\system32\mswsock.dll
0x00007ffa4d310000 - 0x00007ffa4d326000 	C:\Users\Home\.vscode\extensions\redhat.java-1.56.0-win32-x64\jre\21.0.12.1-win32-x86_64\bin\nio.dll
0x00007ffa63a70000 - 0x00007ffa63a80000 	c:\Users\Home\.vscode\extensions\redhat.java-1.56.0-win32-x64\jre\21.0.12.1-win32-x86_64\bin\verify.dll
0x00007ffa54110000 - 0x00007ffa54155000 	C:\Users\Home\AppData\Roaming\Code\User\globalStorage\redhat.java\1.56.0\config_win\org.eclipse.equinox.launcher\org.eclipse.equinox.launcher.win32.win32.x86_64_1.3.100.v20260804-1928\eclipse_11924.dll
0x00007ffa73520000 - 0x00007ffa7364b000 	C:\Windows\System32\ole32.dll
0x00007ffa71b00000 - 0x00007ffa71b18000 	C:\Windows\SYSTEM32\CRYPTSP.dll
0x00007ffa71230000 - 0x00007ffa71268000 	C:\Windows\system32\rsaenh.dll
0x00007ffa72110000 - 0x00007ffa7213e000 	C:\Windows\SYSTEM32\USERENV.dll
0x00007ffa71b20000 - 0x00007ffa71b2c000 	C:\Windows\SYSTEM32\CRYPTBASE.dll
0x00007ffa715f0000 - 0x00007ffa7162b000 	C:\Windows\SYSTEM32\IPHLPAPI.DLL
0x00007ffa73690000 - 0x00007ffa73698000 	C:\Windows\System32\NSI.dll
0x00007ffa44470000 - 0x00007ffa444b9000 	C:\Users\Home\AppData\Local\Temp\jna-2255103\jna12745528901072513770.dll
0x00007ffa73680000 - 0x00007ffa73688000 	C:\Windows\System32\PSAPI.DLL
0x00007ffa6c030000 - 0x00007ffa6c047000 	C:\Windows\SYSTEM32\dhcpcsvc6.DLL
0x00007ffa6bfa0000 - 0x00007ffa6bfbd000 	C:\Windows\SYSTEM32\dhcpcsvc.DLL
0x00007ffa54e60000 - 0x00007ffa54e87000 	C:\Users\Home\.gradle\native\660c5614fbf4a5f2a75b1949f50a0caf5cd603558e7d8a26e50b933a0cfb79d1\windows-amd64\native-platform.dll
0x00007ffa6f630000 - 0x00007ffa6f63a000 	C:\Users\Home\.vscode\extensions\redhat.java-1.56.0-win32-x64\jre\21.0.12.1-win32-x86_64\bin\management.dll
0x00007ffa66f90000 - 0x00007ffa66f9c000 	C:\Users\Home\.vscode\extensions\redhat.java-1.56.0-win32-x64\jre\21.0.12.1-win32-x86_64\bin\management_ext.dll
0x00007ffa61c20000 - 0x00007ffa61c2e000 	C:\Users\Home\.vscode\extensions\redhat.java-1.56.0-win32-x64\jre\21.0.12.1-win32-x86_64\bin\sunmscapi.dll
0x00007ffa728f0000 - 0x00007ffa72a4d000 	C:\Windows\System32\CRYPT32.dll
0x00007ffa71c20000 - 0x00007ffa71c47000 	C:\Windows\SYSTEM32\ncrypt.dll
0x00007ffa71be0000 - 0x00007ffa71c1b000 	C:\Windows\SYSTEM32\NTASN1.dll
0x00007ffa71630000 - 0x00007ffa716fa000 	C:\Windows\SYSTEM32\DNSAPI.dll
0x00007ffa6a810000 - 0x00007ffa6a81a000 	C:\Windows\System32\rasadhlp.dll
0x00007ffa6acc0000 - 0x00007ffa6ad40000 	C:\Windows\System32\fwpuclnt.dll
0x00007ffa61cf0000 - 0x00007ffa61cf9000 	C:\Users\Home\.vscode\extensions\redhat.java-1.56.0-win32-x64\jre\21.0.12.1-win32-x86_64\bin\extnet.dll
0x00007ffa57720000 - 0x00007ffa57727000 	C:\Windows\system32\wshunix.dll

JVMTI agents:
c:\Users\Home\.vscode\extensions\redhat.java-1.56.0-win32-x64\lombok\lombok-1.18.39-4050.jar path:c:\Users\Home\.vscode\extensions\redhat.java-1.56.0-win32-x64\jre\21.0.12.1-win32-x86_64\bin\instrument.dll, loaded, initialized, instrumentlib options:none

dbghelp: loaded successfully - version: 4.0.5 - missing functions: none
symbol engine: initialized successfully - sym options: 0x614 - pdb path: .;c:\Users\Home\.vscode\extensions\redhat.java-1.56.0-win32-x64\jre\21.0.12.1-win32-x86_64\bin;C:\Windows\SYSTEM32;C:\Windows\WinSxS\amd64_microsoft.windows.common-controls_6595b64144ccf1df_6.0.19041.6456_none_60b8a6cb71f64256;c:\Users\Home\.vscode\extensions\redhat.java-1.56.0-win32-x64\jre\21.0.12.1-win32-x86_64\bin\server;C:\Users\Home\AppData\Roaming\Code\User\globalStorage\redhat.java\1.56.0\config_win\org.eclipse.equinox.launcher\org.eclipse.equinox.launcher.win32.win32.x86_64_1.3.100.v20260804-1928;C:\Users\Home\AppData\Local\Temp\jna-2255103;C:\Users\Home\.gradle\native\660c5614fbf4a5f2a75b1949f50a0caf5cd603558e7d8a26e50b933a0cfb79d1\windows-amd64

VM Arguments:
jvm_args: --add-modules=ALL-SYSTEM --add-opens=java.base/java.util=ALL-UNNAMED --add-opens=java.base/java.lang=ALL-UNNAMED --add-opens=java.base/sun.nio.fs=ALL-UNNAMED -Declipse.application=org.eclipse.jdt.ls.core.id1 -Dosgi.bundles.defaultStartLevel=4 -Declipse.product=org.eclipse.jdt.ls.core.product -Djava.import.generatesMetadataFilesAtProjectRoot=false -Dm2e.project.cache.size=50 -DDetectVMInstallationsJob.disabled=true -Dfile.encoding=utf8 -XX:+UseParallelGC -XX:GCTimeRatio=4 -XX:AdaptiveSizePolicyWeight=90 -Dsun.zip.disableMemoryMapping=true -Xmx2G -Xms100m -Xlog:disable -javaagent:c:\Users\Home\.vscode\extensions\redhat.java-1.56.0-win32-x64\lombok\lombok-1.18.39-4050.jar -XX:+HeapDumpOnOutOfMemoryError -XX:HeapDumpPath=c:\Users\Home\AppData\Roaming\Code\User\workspaceStorage\a0caffbcab71e42ac1a9845af6c16b79\redhat.java -Daether.dependencyCollector.impl=bf 
java_command: c:\Users\Home\.vscode\extensions\redhat.java-1.56.0-win32-x64\server\plugins\org.eclipse.equinox.launcher_1.8.0.v20260804-1928.jar -configuration c:\Users\Home\AppData\Roaming\Code\User\globalStorage\redhat.java\1.56.0\config_win -data c:\Users\Home\AppData\Roaming\Code\User\workspaceStorage\a0caffbcab71e42ac1a9845af6c16b79\redhat.java\jdt_ws --stdio
java_class_path (initial): c:\Users\Home\.vscode\extensions\redhat.java-1.56.0-win32-x64\server\plugins\org.eclipse.equinox.launcher_1.8.0.v20260804-1928.jar
Launcher Type: SUN_STANDARD

[Global flags]
    uintx AdaptiveSizePolicyWeight                 = 90                                        {product} {command line}
     intx CICompilerCount                          = 3                                         {product} {ergonomic}
    uintx GCTimeRatio                              = 4                                         {product} {command line}
     bool HeapDumpOnOutOfMemoryError               = true                                   {manageable} {command line}
    ccstr HeapDumpPath                             = c:\Users\Home\AppData\Roaming\Code\User\workspaceStorage\a0caffbcab71e42ac1a9845af6c16b79\redhat.java         {manageable} {command line}
   size_t InitialHeapSize                          = 104857600                                 {product} {command line}
   size_t MaxHeapSize                              = 2147483648                                {product} {command line}
   size_t MaxNewSize                               = 715653120                                 {product} {ergonomic}
   size_t MinHeapDeltaBytes                        = 524288                                    {product} {ergonomic}
   size_t MinHeapSize                              = 104857600                                 {product} {command line}
   size_t NewSize                                  = 34603008                                  {product} {ergonomic}
    uintx NonNMethodCodeHeapSize                   = 5832780                                {pd product} {ergonomic}
    uintx NonProfiledCodeHeapSize                  = 122912730                              {pd product} {ergonomic}
   size_t OldSize                                  = 70254592                                  {product} {ergonomic}
    uintx ProfiledCodeHeapSize                     = 122912730                              {pd product} {ergonomic}
    uintx ReservedCodeCacheSize                    = 251658240                              {pd product} {ergonomic}
     bool SegmentedCodeCache                       = true                                      {product} {ergonomic}
   size_t SoftMaxHeapSize                          = 2147483648                             {manageable} {ergonomic}
     bool UseCompressedOops                        = true                           {product lp64_product} {ergonomic}
     bool UseLargePagesIndividualAllocation        = false                                  {pd product} {ergonomic}
     bool UseParallelGC                            = true                                      {product} {command line}

Logging:
Log output configuration:
 #0: stdout all=off uptime,level,tags foldmultilines=false
 #1: stderr all=off uptime,level,tags foldmultilines=false

Release file:
JAVA_VERSION="21.0.12.1" 
MODULES="java.base java.compiler java.datatransfer java.xml java.prefs java.desktop java.instrument java.logging java.management java.security.sasl java.naming java.rmi java.management.rmi java.net.http java.scripting java.security.jgss java.transaction.xa java.sql java.sql.rowset java.xml.crypto java.se java.smartcardio jdk.accessibility jdk.internal.jvmstat jdk.attach jdk.charsets jdk.internal.opt jdk.zipfs jdk.compiler jdk.crypto.ec jdk.crypto.cryptoki jdk.crypto.mscapi jdk.dynalink jdk.internal.ed jdk.editpad jdk.hotspot.agent jdk.httpserver jdk.internal.le jdk.internal.vm.ci jdk.internal.vm.compiler jdk.internal.vm.compiler.management jdk.jartool jdk.javadoc jdk.jcmd jdk.management jdk.management.agent jdk.jconsole jdk.jdeps jdk.jdwp.agent jdk.jdi jdk.jfr jdk.jshell jdk.jsobject jdk.jstatd jdk.localedata jdk.management.jfr jdk.naming.dns jdk.naming.rmi jdk.net jdk.nio.mapmode jdk.random jdk.sctp jdk.security.auth jdk.security.jgss jdk.unsupported jdk.unsupported.desktop jdk.xml.dom" 

Environment Variables:
PATH=C:\Program Files\Common Files\Oracle\Java\javapath;C:\Program Files (x86)\Common Files\Oracle\Java\java8path;C:\Program Files (x86)\Common Files\Oracle\Java\javapath;C:\Windows\system32;C:\Windows;C:\Windows\System32\Wbem;C:\Windows\System32\WindowsPowerShell\v1.0\;C:\Windows\System32\OpenSSH\;C:\Program Files\Git\cmd;C:\Users\Home\AppData\Local\Microsoft\WindowsApps;C:\Users\Home\AppData\Local\Programs\Microsoft VS Code\bin;C:\Users\Home\Documents\Manuel\estructuras\flutter\flutter\bin;C:\Users\Home\AppData\Local\Pub\Cache\bin;C:\Users\Home\AppData\Local\GitHubDesktop\bin
USERNAME=Home
OS=Windows_NT
PROCESSOR_IDENTIFIER=Intel64 Family 6 Model 158 Stepping 9, GenuineIntel
TMP=C:\Users\Home\AppData\Local\Temp
TEMP=C:\Users\Home\AppData\Local\Temp




Periodic native trim disabled

---------------  S Y S T E M  ---------------

OS:
 Windows 10 , 64 bit Build 19041 (10.0.19041.5915)
OS uptime: 0 days 0:31 hours

CPU: total 4 (initial active 4) (4 cores per cpu, 1 threads per core) family 6 model 158 stepping 9 microcode 0xb4, cx8, cmov, fxsr, mmx, 3dnowpref, sse, sse2, sse3, ssse3, sse4.1, sse4.2, popcnt, lzcnt, tsc, tscinvbit, avx, avx2, aes, erms, clmul, bmi1, bmi2, adx, fma, vzeroupper, clflush, clflushopt, rdtscp, f16c
Processor Information for the first 4 processors :
  Max Mhz: 3001, Current Mhz: 3001, Mhz Limit: 3001

Memory: 4k page, system-wide physical 8078M (197M free)
TotalPageFile size 32654M (AvailPageFile size 0M)
current process WorkingSet (physical memory assigned to process): 306M, peak: 679M
current process commit charge ("private bytes"): 451M, peak: 1714M

vm_info: OpenJDK 64-Bit Server VM (21.0.12.1+1-LTS) for windows-amd64 JRE (21.0.12.1+1-LTS), built on 2026-08-18T00:00:00Z by "admin" with MS VC++ 17.12 (VS2022)

END.
